source,feature,source_column
places,places_no_health_insurance_pct,ACCESS2
places,places_copd_pct,COPD
places,places_current_smoking_pct,CSMOKING
places,places_diabetes_pct,DIABETES
places,places_high_blood_pressure_pct,BPHIGH
places,places_lpa_pct,LPA
places,places_obesity_pct,OBESITY
places,places_sleep_lt_7h_pct,SLEEP
places,places_stroke_pct,STROKE
places,places_poor_mental_health_pct,MHLTH
places,places_poor_physical_health_pct,PHLTH
places,places_population,totalpopulation
svi,svi_ep_pov150,ep_pov150
svi,svi_ep_nohsdp,ep_nohsdp
svi,svi_ep_unemp,ep_unemp
svi,svi_ep_uninsur,ep_uninsur
svi,svi_ep_age65,ep_age65
svi,svi_ep_age17,ep_age17
svi,svi_ep_disabl,ep_disabl
svi,svi_ep_sngpnt,ep_sngpnt
svi,svi_ep_limeng,ep_limeng
svi,svi_ep_minrty,ep_minrty
svi,svi_ep_munit,ep_munit
svi,svi_ep_mobile,ep_mobile
svi,svi_ep_crowd,ep_crowd
svi,svi_ep_noveh,ep_noveh
svi,svi_ep_groupq,ep_groupq
svi,svi_rpl_theme1,rpl_theme1
svi,svi_rpl_theme2,rpl_theme2
svi,svi_rpl_theme3,rpl_theme3
svi,svi_rpl_theme4,rpl_theme4
svi,svi_rpl_themes,rpl_themes
rucc,rucc_code_2023,rucc_2023
rucc,rucc_description_2023,description
rucc,rucc_population_2020,population_2020
acs_dp02,acs_dp02_dp02_0001e,dp02_0001e
acs_dp02,acs_dp02_dp02_0001m,dp02_0001m
acs_dp02,acs_dp02_dp02_0001pe,dp02_0001pe
acs_dp02,acs_dp02_dp02_0001pm,dp02_0001pm
acs_dp02,acs_dp02_dp02_0002e,dp02_0002e
acs_dp02,acs_dp02_dp02_0002m,dp02_0002m
acs_dp02,acs_dp02_dp02_0002pe,dp02_0002pe
acs_dp02,acs_dp02_dp02_0002pm,dp02_0002pm
acs_dp02,acs_dp02_dp02_0003e,dp02_0003e
acs_dp02,acs_dp02_dp02_0003m,dp02_0003m
acs_dp02,acs_dp02_dp02_0003pe,dp02_0003pe
acs_dp02,acs_dp02_dp02_0003pm,dp02_0003pm
acs_dp02,acs_dp02_dp02_0004e,dp02_0004e
acs_dp02,acs_dp02_dp02_0004m,dp02_0004m
acs_dp02,acs_dp02_dp02_0004pe,dp02_0004pe
acs_dp02,acs_dp02_dp02_0004pm,dp02_0004pm
acs_dp02,acs_dp02_dp02_0005e,dp02_0005e
acs_dp02,acs_dp02_dp02_0005m,dp02_0005m
acs_dp02,acs_dp02_dp02_0005pe,dp02_0005pe
acs_dp02,acs_dp02_dp02_0005pm,dp02_0005pm
acs_dp02,acs_dp02_dp02_0006e,dp02_0006e
acs_dp02,acs_dp02_dp02_0006m,dp02_0006m
acs_dp02,acs_dp02_dp02_0006pe,dp02_0006pe
acs_dp02,acs_dp02_dp02_0006pm,dp02_0006pm
acs_dp02,acs_dp02_dp02_0007e,dp02_0007e
acs_dp02,acs_dp02_dp02_0007m,dp02_0007m
acs_dp02,acs_dp02_dp02_0007pe,dp02_0007pe
acs_dp02,acs_dp02_dp02_0007pm,dp02_0007pm
acs_dp02,acs_dp02_dp02_0008e,dp02_0008e
acs_dp02,acs_dp02_dp02_0008m,dp02_0008m
acs_dp02,acs_dp02_dp02_0008pe,dp02_0008pe
acs_dp02,acs_dp02_dp02_0008pm,dp02_0008pm
acs_dp02,acs_dp02_dp02_0009e,dp02_0009e
acs_dp02,acs_dp02_dp02_0009m,dp02_0009m
acs_dp02,acs_dp02_dp02_0009pe,dp02_0009pe
acs_dp02,acs_dp02_dp02_0009pm,dp02_0009pm
acs_dp02,acs_dp02_dp02_0010e,dp02_0010e
acs_dp02,acs_dp02_dp02_0010m,dp02_0010m
acs_dp02,acs_dp02_dp02_0010pe,dp02_0010pe
acs_dp02,acs_dp02_dp02_0010pm,dp02_0010pm
acs_dp02,acs_dp02_dp02_0011e,dp02_0011e
acs_dp02,acs_dp02_dp02_0011m,dp02_0011m
acs_dp02,acs_dp02_dp02_0011pe,dp02_0011pe
acs_dp02,acs_dp02_dp02_0011pm,dp02_0011pm
acs_dp02,acs_dp02_dp02_0012e,dp02_0012e
acs_dp02,acs_dp02_dp02_0012m,dp02_0012m
acs_dp02,acs_dp02_dp02_0012pe,dp02_0012pe
acs_dp02,acs_dp02_dp02_0012pm,dp02_0012pm
acs_dp02,acs_dp02_dp02_0013e,dp02_0013e
acs_dp02,acs_dp02_dp02_0013m,dp02_0013m
acs_dp02,acs_dp02_dp02_0013pe,dp02_0013pe
acs_dp02,acs_dp02_dp02_0013pm,dp02_0013pm
acs_dp02,acs_dp02_dp02_0014e,dp02_0014e
acs_dp02,acs_dp02_dp02_0014m,dp02_0014m
acs_dp02,acs_dp02_dp02_0014pe,dp02_0014pe
acs_dp02,acs_dp02_dp02_0014pm,dp02_0014pm
acs_dp02,acs_dp02_dp02_0015e,dp02_0015e
acs_dp02,acs_dp02_dp02_0015m,dp02_0015m
acs_dp02,acs_dp02_dp02_0015pe,dp02_0015pe
acs_dp02,acs_dp02_dp02_0015pm,dp02_0015pm
acs_dp02,acs_dp02_dp02_0016e,dp02_0016e
acs_dp02,acs_dp02_dp02_0016m,dp02_0016m
acs_dp02,acs_dp02_dp02_0016pe,dp02_0016pe
acs_dp02,acs_dp02_dp02_0016pm,dp02_0016pm
acs_dp02,acs_dp02_dp02_0017e,dp02_0017e
acs_dp02,acs_dp02_dp02_0017m,dp02_0017m
acs_dp02,acs_dp02_dp02_0017pe,dp02_0017pe
acs_dp02,acs_dp02_dp02_0017pm,dp02_0017pm
acs_dp02,acs_dp02_dp02_0018e,dp02_0018e
acs_dp02,acs_dp02_dp02_0018m,dp02_0018m
acs_dp02,acs_dp02_dp02_0018pe,dp02_0018pe
acs_dp02,acs_dp02_dp02_0018pm,dp02_0018pm
acs_dp02,acs_dp02_dp02_0019e,dp02_0019e
acs_dp02,acs_dp02_dp02_0019m,dp02_0019m
acs_dp02,acs_dp02_dp02_0019pe,dp02_0019pe
acs_dp02,acs_dp02_dp02_0019pm,dp02_0019pm
acs_dp02,acs_dp02_dp02_0020e,dp02_0020e
acs_dp02,acs_dp02_dp02_0020m,dp02_0020m
acs_dp02,acs_dp02_dp02_0020pe,dp02_0020pe
acs_dp02,acs_dp02_dp02_0020pm,dp02_0020pm
acs_dp02,acs_dp02_dp02_0021e,dp02_0021e
acs_dp02,acs_dp02_dp02_0021m,dp02_0021m
acs_dp02,acs_dp02_dp02_0021pe,dp02_0021pe
acs_dp02,acs_dp02_dp02_0021pm,dp02_0021pm
acs_dp02,acs_dp02_dp02_0022e,dp02_0022e
acs_dp02,acs_dp02_dp02_0022m,dp02_0022m
acs_dp02,acs_dp02_dp02_0022pe,dp02_0022pe
acs_dp02,acs_dp02_dp02_0022pm,dp02_0022pm
acs_dp02,acs_dp02_dp02_0023e,dp02_0023e
acs_dp02,acs_dp02_dp02_0023m,dp02_0023m
acs_dp02,acs_dp02_dp02_0023pe,dp02_0023pe
acs_dp02,acs_dp02_dp02_0023pm,dp02_0023pm
acs_dp02,acs_dp02_dp02_0024e,dp02_0024e
acs_dp02,acs_dp02_dp02_0024m,dp02_0024m
acs_dp02,acs_dp02_dp02_0024pe,dp02_0024pe
acs_dp02,acs_dp02_dp02_0024pm,dp02_0024pm
acs_dp02,acs_dp02_dp02_0025e,dp02_0025e
acs_dp02,acs_dp02_dp02_0025m,dp02_0025m
acs_dp02,acs_dp02_dp02_0025pe,dp02_0025pe
acs_dp02,acs_dp02_dp02_0025pm,dp02_0025pm
acs_dp02,acs_dp02_dp02_0026e,dp02_0026e
acs_dp02,acs_dp02_dp02_0026m,dp02_0026m
acs_dp02,acs_dp02_dp02_0026pe,dp02_0026pe
acs_dp02,acs_dp02_dp02_0026pm,dp02_0026pm
acs_dp02,acs_dp02_dp02_0027e,dp02_0027e
acs_dp02,acs_dp02_dp02_0027m,dp02_0027m
acs_dp02,acs_dp02_dp02_0027pe,dp02_0027pe
acs_dp02,acs_dp02_dp02_0027pm,dp02_0027pm
acs_dp02,acs_dp02_dp02_0028e,dp02_0028e
acs_dp02,acs_dp02_dp02_0028m,dp02_0028m
acs_dp02,acs_dp02_dp02_0028pe,dp02_0028pe
acs_dp02,acs_dp02_dp02_0028pm,dp02_0028pm
acs_dp02,acs_dp02_dp02_0029e,dp02_0029e
acs_dp02,acs_dp02_dp02_0029m,dp02_0029m
acs_dp02,acs_dp02_dp02_0029pe,dp02_0029pe
acs_dp02,acs_dp02_dp02_0029pm,dp02_0029pm
acs_dp02,acs_dp02_dp02_0030e,dp02_0030e
acs_dp02,acs_dp02_dp02_0030m,dp02_0030m
acs_dp02,acs_dp02_dp02_0030pe,dp02_0030pe
acs_dp02,acs_dp02_dp02_0030pm,dp02_0030pm
acs_dp02,acs_dp02_dp02_0031e,dp02_0031e
acs_dp02,acs_dp02_dp02_0031m,dp02_0031m
acs_dp02,acs_dp02_dp02_0031pe,dp02_0031pe
acs_dp02,acs_dp02_dp02_0031pm,dp02_0031pm
acs_dp02,acs_dp02_dp02_0032e,dp02_0032e
acs_dp02,acs_dp02_dp02_0032m,dp02_0032m
acs_dp02,acs_dp02_dp02_0032pe,dp02_0032pe
acs_dp02,acs_dp02_dp02_0032pm,dp02_0032pm
acs_dp02,acs_dp02_dp02_0033e,dp02_0033e
acs_dp02,acs_dp02_dp02_0033m,dp02_0033m
acs_dp02,acs_dp02_dp02_0033pe,dp02_0033pe
acs_dp02,acs_dp02_dp02_0033pm,dp02_0033pm
acs_dp02,acs_dp02_dp02_0034e,dp02_0034e
acs_dp02,acs_dp02_dp02_0034m,dp02_0034m
acs_dp02,acs_dp02_dp02_0034pe,dp02_0034pe
acs_dp02,acs_dp02_dp02_0034pm,dp02_0034pm
acs_dp02,acs_dp02_dp02_0035e,dp02_0035e
acs_dp02,acs_dp02_dp02_0035m,dp02_0035m
acs_dp02,acs_dp02_dp02_0035pe,dp02_0035pe
acs_dp02,acs_dp02_dp02_0035pm,dp02_0035pm
acs_dp02,acs_dp02_dp02_0036e,dp02_0036e
acs_dp02,acs_dp02_dp02_0036m,dp02_0036m
acs_dp02,acs_dp02_dp02_0036pe,dp02_0036pe
acs_dp02,acs_dp02_dp02_0036pm,dp02_0036pm
acs_dp02,acs_dp02_dp02_0037e,dp02_0037e
acs_dp02,acs_dp02_dp02_0037m,dp02_0037m
acs_dp02,acs_dp02_dp02_0037pe,dp02_0037pe
acs_dp02,acs_dp02_dp02_0037pm,dp02_0037pm
acs_dp02,acs_dp02_dp02_0038e,dp02_0038e
acs_dp02,acs_dp02_dp02_0038m,dp02_0038m
acs_dp02,acs_dp02_dp02_0038pe,dp02_0038pe
acs_dp02,acs_dp02_dp02_0038pm,dp02_0038pm
acs_dp02,acs_dp02_dp02_0039e,dp02_0039e
acs_dp02,acs_dp02_dp02_0039m,dp02_0039m
acs_dp02,acs_dp02_dp02_0039pe,dp02_0039pe
acs_dp02,acs_dp02_dp02_0039pm,dp02_0039pm
acs_dp02,acs_dp02_dp02_0040e,dp02_0040e
acs_dp02,acs_dp02_dp02_0040m,dp02_0040m
acs_dp02,acs_dp02_dp02_0040pe,dp02_0040pe
acs_dp02,acs_dp02_dp02_0040pm,dp02_0040pm
acs_dp02,acs_dp02_dp02_0041e,dp02_0041e
acs_dp02,acs_dp02_dp02_0041m,dp02_0041m
acs_dp02,acs_dp02_dp02_0041pe,dp02_0041pe
acs_dp02,acs_dp02_dp02_0041pm,dp02_0041pm
acs_dp02,acs_dp02_dp02_0042e,dp02_0042e
acs_dp02,acs_dp02_dp02_0042m,dp02_0042m
acs_dp02,acs_dp02_dp02_0042pe,dp02_0042pe
acs_dp02,acs_dp02_dp02_0042pm,dp02_0042pm
acs_dp02,acs_dp02_dp02_0043e,dp02_0043e
acs_dp02,acs_dp02_dp02_0043m,dp02_0043m
acs_dp02,acs_dp02_dp02_0043pe,dp02_0043pe
acs_dp02,acs_dp02_dp02_0043pm,dp02_0043pm
acs_dp02,acs_dp02_dp02_0044e,dp02_0044e
acs_dp02,acs_dp02_dp02_0044m,dp02_0044m
acs_dp02,acs_dp02_dp02_0044pe,dp02_0044pe
acs_dp02,acs_dp02_dp02_0044pm,dp02_0044pm
acs_dp02,acs_dp02_dp02_0045e,dp02_0045e
acs_dp02,acs_dp02_dp02_0045m,dp02_0045m
acs_dp02,acs_dp02_dp02_0045pe,dp02_0045pe
acs_dp02,acs_dp02_dp02_0045pm,dp02_0045pm
acs_dp02,acs_dp02_dp02_0046e,dp02_0046e
acs_dp02,acs_dp02_dp02_0046m,dp02_0046m
acs_dp02,acs_dp02_dp02_0046pe,dp02_0046pe
acs_dp02,acs_dp02_dp02_0046pm,dp02_0046pm
acs_dp02,acs_dp02_dp02_0047e,dp02_0047e
acs_dp02,acs_dp02_dp02_0047m,dp02_0047m
acs_dp02,acs_dp02_dp02_0047pe,dp02_0047pe
acs_dp02,acs_dp02_dp02_0047pm,dp02_0047pm
acs_dp02,acs_dp02_dp02_0048e,dp02_0048e
acs_dp02,acs_dp02_dp02_0048m,dp02_0048m
acs_dp02,acs_dp02_dp02_0048pe,dp02_0048pe
acs_dp02,acs_dp02_dp02_0048pm,dp02_0048pm
acs_dp02,acs_dp02_dp02_0049e,dp02_0049e
acs_dp02,acs_dp02_dp02_0049m,dp02_0049m
acs_dp02,acs_dp02_dp02_0049pe,dp02_0049pe
acs_dp02,acs_dp02_dp02_0049pm,dp02_0049pm
acs_dp02,acs_dp02_dp02_0050e,dp02_0050e
acs_dp02,acs_dp02_dp02_0050m,dp02_0050m
acs_dp02,acs_dp02_dp02_0050pe,dp02_0050pe
acs_dp02,acs_dp02_dp02_0050pm,dp02_0050pm
acs_dp02,acs_dp02_dp02_0051e,dp02_0051e
acs_dp02,acs_dp02_dp02_0051m,dp02_0051m
acs_dp02,acs_dp02_dp02_0051pe,dp02_0051pe
acs_dp02,acs_dp02_dp02_0051pm,dp02_0051pm
acs_dp02,acs_dp02_dp02_0052e,dp02_0052e
acs_dp02,acs_dp02_dp02_0052m,dp02_0052m
acs_dp02,acs_dp02_dp02_0052pe,dp02_0052pe
acs_dp02,acs_dp02_dp02_0052pm,dp02_0052pm
acs_dp02,acs_dp02_dp02_0053e,dp02_0053e
acs_dp02,acs_dp02_dp02_0053m,dp02_0053m
acs_dp02,acs_dp02_dp02_0053pe,dp02_0053pe
acs_dp02,acs_dp02_dp02_0053pm,dp02_0053pm
acs_dp02,acs_dp02_dp02_0054e,dp02_0054e
acs_dp02,acs_dp02_dp02_0054m,dp02_0054m
acs_dp02,acs_dp02_dp02_0054pe,dp02_0054pe
acs_dp02,acs_dp02_dp02_0054pm,dp02_0054pm
acs_dp02,acs_dp02_dp02_0055e,dp02_0055e
acs_dp02,acs_dp02_dp02_0055m,dp02_0055m
acs_dp02,acs_dp02_dp02_0055pe,dp02_0055pe
acs_dp02,acs_dp02_dp02_0055pm,dp02_0055pm
acs_dp02,acs_dp02_dp02_0056e,dp02_0056e
acs_dp02,acs_dp02_dp02_0056m,dp02_0056m
acs_dp02,acs_dp02_dp02_0056pe,dp02_0056pe
acs_dp02,acs_dp02_dp02_0056pm,dp02_0056pm
acs_dp02,acs_dp02_dp02_0057e,dp02_0057e
acs_dp02,acs_dp02_dp02_0057m,dp02_0057m
acs_dp02,acs_dp02_dp02_0057pe,dp02_0057pe
acs_dp02,acs_dp02_dp02_0057pm,dp02_0057pm
acs_dp02,acs_dp02_dp02_0058e,dp02_0058e
acs_dp02,acs_dp02_dp02_0058m,dp02_0058m
acs_dp02,acs_dp02_dp02_0058pe,dp02_0058pe
acs_dp02,acs_dp02_dp02_0058pm,dp02_0058pm
acs_dp02,acs_dp02_dp02_0059e,dp02_0059e
acs_dp02,acs_dp02_dp02_0059m,dp02_0059m
acs_dp02,acs_dp02_dp02_0059pe,dp02_0059pe
acs_dp02,acs_dp02_dp02_0059pm,dp02_0059pm
acs_dp02,acs_dp02_dp02_0060e,dp02_0060e
acs_dp02,acs_dp02_dp02_0060m,dp02_0060m
acs_dp02,acs_dp02_dp02_0060pe,dp02_0060pe
acs_dp02,acs_dp02_dp02_0060pm,dp02_0060pm
acs_dp02,acs_dp02_dp02_0061e,dp02_0061e
acs_dp02,acs_dp02_dp02_0061m,dp02_0061m
acs_dp02,acs_dp02_dp02_0061pe,dp02_0061pe
acs_dp02,acs_dp02_dp02_0061pm,dp02_0061pm
acs_dp02,acs_dp02_dp02_0062e,dp02_0062e
acs_dp02,acs_dp02_dp02_0062m,dp02_0062m
acs_dp02,acs_dp02_dp02_0062pe,dp02_0062pe
acs_dp02,acs_dp02_dp02_0062pm,dp02_0062pm
acs_dp02,acs_dp02_dp02_0063e,dp02_0063e
acs_dp02,acs_dp02_dp02_0063m,dp02_0063m
acs_dp02,acs_dp02_dp02_0063pe,dp02_0063pe
acs_dp02,acs_dp02_dp02_0063pm,dp02_0063pm
acs_dp02,acs_dp02_dp02_0064e,dp02_0064e
acs_dp02,acs_dp02_dp02_0064m,dp02_0064m
acs_dp02,acs_dp02_dp02_0064pe,dp02_0064pe
acs_dp02,acs_dp02_dp02_0064pm,dp02_0064pm
acs_dp02,acs_dp02_dp02_0065e,dp02_0065e
acs_dp02,acs_dp02_dp02_0065m,dp02_0065m
acs_dp02,acs_dp02_dp02_0065pe,dp02_0065pe
acs_dp02,acs_dp02_dp02_0065pm,dp02_0065pm
acs_dp02,acs_dp02_dp02_0066e,dp02_0066e
acs_dp02,acs_dp02_dp02_0066m,dp02_0066m
acs_dp02,acs_dp02_dp02_0066pe,dp02_0066pe
acs_dp02,acs_dp02_dp02_0066pm,dp02_0066pm
acs_dp02,acs_dp02_dp02_0067e,dp02_0067e
acs_dp02,acs_dp02_dp02_0067m,dp02_0067m
acs_dp02,acs_dp02_dp02_0067pe,dp02_0067pe
acs_dp02,acs_dp02_dp02_0067pm,dp02_0067pm
acs_dp02,acs_dp02_dp02_0068e,dp02_0068e
acs_dp02,acs_dp02_dp02_0068m,dp02_0068m
acs_dp02,acs_dp02_dp02_0068pe,dp02_0068pe
acs_dp02,acs_dp02_dp02_0068pm,dp02_0068pm
acs_dp02,acs_dp02_dp02_0069e,dp02_0069e
acs_dp02,acs_dp02_dp02_0069m,dp02_0069m
acs_dp02,acs_dp02_dp02_0069pe,dp02_0069pe
acs_dp02,acs_dp02_dp02_0069pm,dp02_0069pm
acs_dp02,acs_dp02_dp02_0070e,dp02_0070e
acs_dp02,acs_dp02_dp02_0070m,dp02_0070m
acs_dp02,acs_dp02_dp02_0070pe,dp02_0070pe
acs_dp02,acs_dp02_dp02_0070pm,dp02_0070pm
acs_dp02,acs_dp02_dp02_0071e,dp02_0071e
acs_dp02,acs_dp02_dp02_0071m,dp02_0071m
acs_dp02,acs_dp02_dp02_0071pe,dp02_0071pe
acs_dp02,acs_dp02_dp02_0071pm,dp02_0071pm
acs_dp02,acs_dp02_dp02_0072e,dp02_0072e
acs_dp02,acs_dp02_dp02_0072m,dp02_0072m
acs_dp02,acs_dp02_dp02_0072pe,dp02_0072pe
acs_dp02,acs_dp02_dp02_0072pm,dp02_0072pm
acs_dp02,acs_dp02_dp02_0073e,dp02_0073e
acs_dp02,acs_dp02_dp02_0073m,dp02_0073m
acs_dp02,acs_dp02_dp02_0073pe,dp02_0073pe
acs_dp02,acs_dp02_dp02_0073pm,dp02_0073pm
acs_dp02,acs_dp02_dp02_0074e,dp02_0074e
acs_dp02,acs_dp02_dp02_0074m,dp02_0074m
acs_dp02,acs_dp02_dp02_0074pe,dp02_0074pe
acs_dp02,acs_dp02_dp02_0074pm,dp02_0074pm
acs_dp02,acs_dp02_dp02_0075e,dp02_0075e
acs_dp02,acs_dp02_dp02_0075m,dp02_0075m
acs_dp02,acs_dp02_dp02_0075pe,dp02_0075pe
acs_dp02,acs_dp02_dp02_0075pm,dp02_0075pm
acs_dp02,acs_dp02_dp02_0076e,dp02_0076e
acs_dp02,acs_dp02_dp02_0076m,dp02_0076m
acs_dp02,acs_dp02_dp02_0076pe,dp02_0076pe
acs_dp02,acs_dp02_dp02_0076pm,dp02_0076pm
acs_dp02,acs_dp02_dp02_0077e,dp02_0077e
acs_dp02,acs_dp02_dp02_0077m,dp02_0077m
acs_dp02,acs_dp02_dp02_0077pe,dp02_0077pe
acs_dp02,acs_dp02_dp02_0077pm,dp02_0077pm
acs_dp02,acs_dp02_dp02_0078e,dp02_0078e
acs_dp02,acs_dp02_dp02_0078m,dp02_0078m
acs_dp02,acs_dp02_dp02_0078pe,dp02_0078pe
acs_dp02,acs_dp02_dp02_0078pm,dp02_0078pm
acs_dp02,acs_dp02_dp02_0079e,dp02_0079e
acs_dp02,acs_dp02_dp02_0079m,dp02_0079m
acs_dp02,acs_dp02_dp02_0079pe,dp02_0079pe
acs_dp02,acs_dp02_dp02_0079pm,dp02_0079pm
acs_dp02,acs_dp02_dp02_0080e,dp02_0080e
acs_dp02,acs_dp02_dp02_0080m,dp02_0080m
acs_dp02,acs_dp02_dp02_0080pe,dp02_0080pe
acs_dp02,acs_dp02_dp02_0080pm,dp02_0080pm
acs_dp02,acs_dp02_dp02_0081e,dp02_0081e
acs_dp02,acs_dp02_dp02_0081m,dp02_0081m
acs_dp02,acs_dp02_dp02_0081pe,dp02_0081pe
acs_dp02,acs_dp02_dp02_0081pm,dp02_0081pm
acs_dp02,acs_dp02_dp02_0082e,dp02_0082e
acs_dp02,acs_dp02_dp02_0082m,dp02_0082m
acs_dp02,acs_dp02_dp02_0082pe,dp02_0082pe
acs_dp02,acs_dp02_dp02_0082pm,dp02_0082pm
acs_dp02,acs_dp02_dp02_0083e,dp02_0083e
acs_dp02,acs_dp02_dp02_0083m,dp02_0083m
acs_dp02,acs_dp02_dp02_0083pe,dp02_0083pe
acs_dp02,acs_dp02_dp02_0083pm,dp02_0083pm
acs_dp02,acs_dp02_dp02_0084e,dp02_0084e
acs_dp02,acs_dp02_dp02_0084m,dp02_0084m
acs_dp02,acs_dp02_dp02_0084pe,dp02_0084pe
acs_dp02,acs_dp02_dp02_0084pm,dp02_0084pm
acs_dp02,acs_dp02_dp02_0085e,dp02_0085e
acs_dp02,acs_dp02_dp02_0085m,dp02_0085m
acs_dp02,acs_dp02_dp02_0085pe,dp02_0085pe
acs_dp02,acs_dp02_dp02_0085pm,dp02_0085pm
acs_dp02,acs_dp02_dp02_0086e,dp02_0086e
acs_dp02,acs_dp02_dp02_0086m,dp02_0086m
acs_dp02,acs_dp02_dp02_0086pe,dp02_0086pe
acs_dp02,acs_dp02_dp02_0086pm,dp02_0086pm
acs_dp02,acs_dp02_dp02_0087e,dp02_0087e
acs_dp02,acs_dp02_dp02_0087m,dp02_0087m
acs_dp02,acs_dp02_dp02_0087pe,dp02_0087pe
acs_dp02,acs_dp02_dp02_0087pm,dp02_0087pm
acs_dp02,acs_dp02_dp02_0088e,dp02_0088e
acs_dp02,acs_dp02_dp02_0088m,dp02_0088m
acs_dp02,acs_dp02_dp02_0088pe,dp02_0088pe
acs_dp02,acs_dp02_dp02_0088pm,dp02_0088pm
acs_dp02,acs_dp02_dp02_0089e,dp02_0089e
acs_dp02,acs_dp02_dp02_0089m,dp02_0089m
acs_dp02,acs_dp02_dp02_0089pe,dp02_0089pe
acs_dp02,acs_dp02_dp02_0089pm,dp02_0089pm
acs_dp02,acs_dp02_dp02_0090e,dp02_0090e
acs_dp02,acs_dp02_dp02_0090m,dp02_0090m
acs_dp02,acs_dp02_dp02_0090pe,dp02_0090pe
acs_dp02,acs_dp02_dp02_0090pm,dp02_0090pm
acs_dp02,acs_dp02_dp02_0091e,dp02_0091e
acs_dp02,acs_dp02_dp02_0091m,dp02_0091m
acs_dp02,acs_dp02_dp02_0091pe,dp02_0091pe
acs_dp02,acs_dp02_dp02_0091pm,dp02_0091pm
acs_dp02,acs_dp02_dp02_0092e,dp02_0092e
acs_dp02,acs_dp02_dp02_0092m,dp02_0092m
acs_dp02,acs_dp02_dp02_0092pe,dp02_0092pe
acs_dp02,acs_dp02_dp02_0092pm,dp02_0092pm
acs_dp02,acs_dp02_dp02_0093e,dp02_0093e
acs_dp02,acs_dp02_dp02_0093m,dp02_0093m
acs_dp02,acs_dp02_dp02_0093pe,dp02_0093pe
acs_dp02,acs_dp02_dp02_0093pm,dp02_0093pm
acs_dp02,acs_dp02_dp02_0094e,dp02_0094e
acs_dp02,acs_dp02_dp02_0094m,dp02_0094m
acs_dp02,acs_dp02_dp02_0094pe,dp02_0094pe
acs_dp02,acs_dp02_dp02_0094pm,dp02_0094pm
acs_dp02,acs_dp02_dp02_0095e,dp02_0095e
acs_dp02,acs_dp02_dp02_0095m,dp02_0095m
acs_dp02,acs_dp02_dp02_0095pe,dp02_0095pe
acs_dp02,acs_dp02_dp02_0095pm,dp02_0095pm
acs_dp02,acs_dp02_dp02_0096e,dp02_0096e
acs_dp02,acs_dp02_dp02_0096m,dp02_0096m
acs_dp02,acs_dp02_dp02_0096pe,dp02_0096pe
acs_dp02,acs_dp02_dp02_0096pm,dp02_0096pm
acs_dp02,acs_dp02_dp02_0097e,dp02_0097e
acs_dp02,acs_dp02_dp02_0097m,dp02_0097m
acs_dp02,acs_dp02_dp02_0097pe,dp02_0097pe
acs_dp02,acs_dp02_dp02_0097pm,dp02_0097pm
acs_dp02,acs_dp02_dp02_0098e,dp02_0098e
acs_dp02,acs_dp02_dp02_0098m,dp02_0098m
acs_dp02,acs_dp02_dp02_0098pe,dp02_0098pe
acs_dp02,acs_dp02_dp02_0098pm,dp02_0098pm
acs_dp02,acs_dp02_dp02_0099e,dp02_0099e
acs_dp02,acs_dp02_dp02_0099m,dp02_0099m
acs_dp02,acs_dp02_dp02_0099pe,dp02_0099pe
acs_dp02,acs_dp02_dp02_0099pm,dp02_0099pm
acs_dp02,acs_dp02_dp02_0100e,dp02_0100e
acs_dp02,acs_dp02_dp02_0100m,dp02_0100m
acs_dp02,acs_dp02_dp02_0100pe,dp02_0100pe
acs_dp02,acs_dp02_dp02_0100pm,dp02_0100pm
acs_dp02,acs_dp02_dp02_0101e,dp02_0101e
acs_dp02,acs_dp02_dp02_0101m,dp02_0101m
acs_dp02,acs_dp02_dp02_0101pe,dp02_0101pe
acs_dp02,acs_dp02_dp02_0101pm,dp02_0101pm
acs_dp02,acs_dp02_dp02_0102e,dp02_0102e
acs_dp02,acs_dp02_dp02_0102m,dp02_0102m
acs_dp02,acs_dp02_dp02_0102pe,dp02_0102pe
acs_dp02,acs_dp02_dp02_0102pm,dp02_0102pm
acs_dp02,acs_dp02_dp02_0103e,dp02_0103e
acs_dp02,acs_dp02_dp02_0103m,dp02_0103m
acs_dp02,acs_dp02_dp02_0103pe,dp02_0103pe
acs_dp02,acs_dp02_dp02_0103pm,dp02_0103pm
acs_dp02,acs_dp02_dp02_0104e,dp02_0104e
acs_dp02,acs_dp02_dp02_0104m,dp02_0104m
acs_dp02,acs_dp02_dp02_0104pe,dp02_0104pe
acs_dp02,acs_dp02_dp02_0104pm,dp02_0104pm
acs_dp02,acs_dp02_dp02_0105e,dp02_0105e
acs_dp02,acs_dp02_dp02_0105m,dp02_0105m
acs_dp02,acs_dp02_dp02_0105pe,dp02_0105pe
acs_dp02,acs_dp02_dp02_0105pm,dp02_0105pm
acs_dp02,acs_dp02_dp02_0106e,dp02_0106e
acs_dp02,acs_dp02_dp02_0106m,dp02_0106m
acs_dp02,acs_dp02_dp02_0106pe,dp02_0106pe
acs_dp02,acs_dp02_dp02_0106pm,dp02_0106pm
acs_dp02,acs_dp02_dp02_0107e,dp02_0107e
acs_dp02,acs_dp02_dp02_0107m,dp02_0107m
acs_dp02,acs_dp02_dp02_0107pe,dp02_0107pe
acs_dp02,acs_dp02_dp02_0107pm,dp02_0107pm
acs_dp02,acs_dp02_dp02_0108e,dp02_0108e
acs_dp02,acs_dp02_dp02_0108m,dp02_0108m
acs_dp02,acs_dp02_dp02_0108pe,dp02_0108pe
acs_dp02,acs_dp02_dp02_0108pm,dp02_0108pm
acs_dp02,acs_dp02_dp02_0109e,dp02_0109e
acs_dp02,acs_dp02_dp02_0109m,dp02_0109m
acs_dp02,acs_dp02_dp02_0109pe,dp02_0109pe
acs_dp02,acs_dp02_dp02_0109pm,dp02_0109pm
acs_dp02,acs_dp02_dp02_0110e,dp02_0110e
acs_dp02,acs_dp02_dp02_0110m,dp02_0110m
acs_dp02,acs_dp02_dp02_0110pe,dp02_0110pe
acs_dp02,acs_dp02_dp02_0110pm,dp02_0110pm
acs_dp02,acs_dp02_dp02_0111e,dp02_0111e
acs_dp02,acs_dp02_dp02_0111m,dp02_0111m
acs_dp02,acs_dp02_dp02_0111pe,dp02_0111pe
acs_dp02,acs_dp02_dp02_0111pm,dp02_0111pm
acs_dp02,acs_dp02_dp02_0112e,dp02_0112e
acs_dp02,acs_dp02_dp02_0112m,dp02_0112m
acs_dp02,acs_dp02_dp02_0112pe,dp02_0112pe
acs_dp02,acs_dp02_dp02_0112pm,dp02_0112pm
acs_dp02,acs_dp02_dp02_0113e,dp02_0113e
acs_dp02,acs_dp02_dp02_0113m,dp02_0113m
acs_dp02,acs_dp02_dp02_0113pe,dp02_0113pe
acs_dp02,acs_dp02_dp02_0113pm,dp02_0113pm
acs_dp02,acs_dp02_dp02_0114e,dp02_0114e
acs_dp02,acs_dp02_dp02_0114m,dp02_0114m
acs_dp02,acs_dp02_dp02_0114pe,dp02_0114pe
acs_dp02,acs_dp02_dp02_0114pm,dp02_0114pm
acs_dp02,acs_dp02_dp02_0115e,dp02_0115e
acs_dp02,acs_dp02_dp02_0115m,dp02_0115m
acs_dp02,acs_dp02_dp02_0115pe,dp02_0115pe
acs_dp02,acs_dp02_dp02_0115pm,dp02_0115pm
acs_dp02,acs_dp02_dp02_0116e,dp02_0116e
acs_dp02,acs_dp02_dp02_0116m,dp02_0116m
acs_dp02,acs_dp02_dp02_0116pe,dp02_0116pe
acs_dp02,acs_dp02_dp02_0116pm,dp02_0116pm
acs_dp02,acs_dp02_dp02_0117e,dp02_0117e
acs_dp02,acs_dp02_dp02_0117m,dp02_0117m
acs_dp02,acs_dp02_dp02_0117pe,dp02_0117pe
acs_dp02,acs_dp02_dp02_0117pm,dp02_0117pm
acs_dp02,acs_dp02_dp02_0118e,dp02_0118e
acs_dp02,acs_dp02_dp02_0118m,dp02_0118m
acs_dp02,acs_dp02_dp02_0118pe,dp02_0118pe
acs_dp02,acs_dp02_dp02_0118pm,dp02_0118pm
acs_dp02,acs_dp02_dp02_0119e,dp02_0119e
acs_dp02,acs_dp02_dp02_0119m,dp02_0119m
acs_dp02,acs_dp02_dp02_0119pe,dp02_0119pe
acs_dp02,acs_dp02_dp02_0119pm,dp02_0119pm
acs_dp02,acs_dp02_dp02_0120e,dp02_0120e
acs_dp02,acs_dp02_dp02_0120m,dp02_0120m
acs_dp02,acs_dp02_dp02_0120pe,dp02_0120pe
acs_dp02,acs_dp02_dp02_0120pm,dp02_0120pm
acs_dp02,acs_dp02_dp02_0121e,dp02_0121e
acs_dp02,acs_dp02_dp02_0121m,dp02_0121m
acs_dp02,acs_dp02_dp02_0121pe,dp02_0121pe
acs_dp02,acs_dp02_dp02_0121pm,dp02_0121pm
acs_dp02,acs_dp02_dp02_0122e,dp02_0122e
acs_dp02,acs_dp02_dp02_0122m,dp02_0122m
acs_dp02,acs_dp02_dp02_0122pe,dp02_0122pe
acs_dp02,acs_dp02_dp02_0122pm,dp02_0122pm
acs_dp02,acs_dp02_dp02_0123e,dp02_0123e
acs_dp02,acs_dp02_dp02_0123m,dp02_0123m
acs_dp02,acs_dp02_dp02_0123pe,dp02_0123pe
acs_dp02,acs_dp02_dp02_0123pm,dp02_0123pm
acs_dp02,acs_dp02_dp02_0124e,dp02_0124e
acs_dp02,acs_dp02_dp02_0124m,dp02_0124m
acs_dp02,acs_dp02_dp02_0124pe,dp02_0124pe
acs_dp02,acs_dp02_dp02_0124pm,dp02_0124pm
acs_dp02,acs_dp02_dp02_0125e,dp02_0125e
acs_dp02,acs_dp02_dp02_0125m,dp02_0125m
acs_dp02,acs_dp02_dp02_0125pe,dp02_0125pe
acs_dp02,acs_dp02_dp02_0125pm,dp02_0125pm
acs_dp02,acs_dp02_dp02_0126e,dp02_0126e
acs_dp02,acs_dp02_dp02_0126m,dp02_0126m
acs_dp02,acs_dp02_dp02_0126pe,dp02_0126pe
acs_dp02,acs_dp02_dp02_0126pm,dp02_0126pm
acs_dp02,acs_dp02_dp02_0127e,dp02_0127e
acs_dp02,acs_dp02_dp02_0127m,dp02_0127m
acs_dp02,acs_dp02_dp02_0127pe,dp02_0127pe
acs_dp02,acs_dp02_dp02_0127pm,dp02_0127pm
acs_dp02,acs_dp02_dp02_0128e,dp02_0128e
acs_dp02,acs_dp02_dp02_0128m,dp02_0128m
acs_dp02,acs_dp02_dp02_0128pe,dp02_0128pe
acs_dp02,acs_dp02_dp02_0128pm,dp02_0128pm
acs_dp02,acs_dp02_dp02_0129e,dp02_0129e
acs_dp02,acs_dp02_dp02_0129m,dp02_0129m
acs_dp02,acs_dp02_dp02_0129pe,dp02_0129pe
acs_dp02,acs_dp02_dp02_0129pm,dp02_0129pm
acs_dp02,acs_dp02_dp02_0130e,dp02_0130e
acs_dp02,acs_dp02_dp02_0130m,dp02_0130m
acs_dp02,acs_dp02_dp02_0130pe,dp02_0130pe
acs_dp02,acs_dp02_dp02_0130pm,dp02_0130pm
acs_dp02,acs_dp02_dp02_0131e,dp02_0131e
acs_dp02,acs_dp02_dp02_0131m,dp02_0131m
acs_dp02,acs_dp02_dp02_0131pe,dp02_0131pe
acs_dp02,acs_dp02_dp02_0131pm,dp02_0131pm
acs_dp02,acs_dp02_dp02_0132e,dp02_0132e
acs_dp02,acs_dp02_dp02_0132m,dp02_0132m
acs_dp02,acs_dp02_dp02_0132pe,dp02_0132pe
acs_dp02,acs_dp02_dp02_0132pm,dp02_0132pm
acs_dp02,acs_dp02_dp02_0133e,dp02_0133e
acs_dp02,acs_dp02_dp02_0133m,dp02_0133m
acs_dp02,acs_dp02_dp02_0133pe,dp02_0133pe
acs_dp02,acs_dp02_dp02_0133pm,dp02_0133pm
acs_dp02,acs_dp02_dp02_0134e,dp02_0134e
acs_dp02,acs_dp02_dp02_0134m,dp02_0134m
acs_dp02,acs_dp02_dp02_0134pe,dp02_0134pe
acs_dp02,acs_dp02_dp02_0134pm,dp02_0134pm
acs_dp02,acs_dp02_dp02_0135e,dp02_0135e
acs_dp02,acs_dp02_dp02_0135m,dp02_0135m
acs_dp02,acs_dp02_dp02_0135pe,dp02_0135pe
acs_dp02,acs_dp02_dp02_0135pm,dp02_0135pm
acs_dp02,acs_dp02_dp02_0136e,dp02_0136e
acs_dp02,acs_dp02_dp02_0136m,dp02_0136m
acs_dp02,acs_dp02_dp02_0136pe,dp02_0136pe
acs_dp02,acs_dp02_dp02_0136pm,dp02_0136pm
acs_dp02,acs_dp02_dp02_0137e,dp02_0137e
acs_dp02,acs_dp02_dp02_0137m,dp02_0137m
acs_dp02,acs_dp02_dp02_0137pe,dp02_0137pe
acs_dp02,acs_dp02_dp02_0137pm,dp02_0137pm
acs_dp02,acs_dp02_dp02_0138e,dp02_0138e
acs_dp02,acs_dp02_dp02_0138m,dp02_0138m
acs_dp02,acs_dp02_dp02_0138pe,dp02_0138pe
acs_dp02,acs_dp02_dp02_0138pm,dp02_0138pm
acs_dp02,acs_dp02_dp02_0139e,dp02_0139e
acs_dp02,acs_dp02_dp02_0139m,dp02_0139m
acs_dp02,acs_dp02_dp02_0139pe,dp02_0139pe
acs_dp02,acs_dp02_dp02_0139pm,dp02_0139pm
acs_dp02,acs_dp02_dp02_0140e,dp02_0140e
acs_dp02,acs_dp02_dp02_0140m,dp02_0140m
acs_dp02,acs_dp02_dp02_0140pe,dp02_0140pe
acs_dp02,acs_dp02_dp02_0140pm,dp02_0140pm
acs_dp02,acs_dp02_dp02_0141e,dp02_0141e
acs_dp02,acs_dp02_dp02_0141m,dp02_0141m
acs_dp02,acs_dp02_dp02_0141pe,dp02_0141pe
acs_dp02,acs_dp02_dp02_0141pm,dp02_0141pm
acs_dp02,acs_dp02_dp02_0142e,dp02_0142e
acs_dp02,acs_dp02_dp02_0142m,dp02_0142m
acs_dp02,acs_dp02_dp02_0142pe,dp02_0142pe
acs_dp02,acs_dp02_dp02_0142pm,dp02_0142pm
acs_dp02,acs_dp02_dp02_0143e,dp02_0143e
acs_dp02,acs_dp02_dp02_0143m,dp02_0143m
acs_dp02,acs_dp02_dp02_0143pe,dp02_0143pe
acs_dp02,acs_dp02_dp02_0143pm,dp02_0143pm
acs_dp02,acs_dp02_dp02_0144e,dp02_0144e
acs_dp02,acs_dp02_dp02_0144m,dp02_0144m
acs_dp02,acs_dp02_dp02_0144pe,dp02_0144pe
acs_dp02,acs_dp02_dp02_0144pm,dp02_0144pm
acs_dp02,acs_dp02_dp02_0145e,dp02_0145e
acs_dp02,acs_dp02_dp02_0145m,dp02_0145m
acs_dp02,acs_dp02_dp02_0145pe,dp02_0145pe
acs_dp02,acs_dp02_dp02_0145pm,dp02_0145pm
acs_dp02,acs_dp02_dp02_0146e,dp02_0146e
acs_dp02,acs_dp02_dp02_0146m,dp02_0146m
acs_dp02,acs_dp02_dp02_0146pe,dp02_0146pe
acs_dp02,acs_dp02_dp02_0146pm,dp02_0146pm
acs_dp02,acs_dp02_dp02_0147e,dp02_0147e
acs_dp02,acs_dp02_dp02_0147m,dp02_0147m
acs_dp02,acs_dp02_dp02_0147pe,dp02_0147pe
acs_dp02,acs_dp02_dp02_0147pm,dp02_0147pm
acs_dp02,acs_dp02_dp02_0148e,dp02_0148e
acs_dp02,acs_dp02_dp02_0148m,dp02_0148m
acs_dp02,acs_dp02_dp02_0148pe,dp02_0148pe
acs_dp02,acs_dp02_dp02_0148pm,dp02_0148pm
acs_dp02,acs_dp02_dp02_0149e,dp02_0149e
acs_dp02,acs_dp02_dp02_0149m,dp02_0149m
acs_dp02,acs_dp02_dp02_0149pe,dp02_0149pe
acs_dp02,acs_dp02_dp02_0149pm,dp02_0149pm
acs_dp02,acs_dp02_dp02_0150e,dp02_0150e
acs_dp02,acs_dp02_dp02_0150m,dp02_0150m
acs_dp02,acs_dp02_dp02_0150pe,dp02_0150pe
acs_dp02,acs_dp02_dp02_0150pm,dp02_0150pm
acs_dp02,acs_dp02_dp02_0151e,dp02_0151e
acs_dp02,acs_dp02_dp02_0151m,dp02_0151m
acs_dp02,acs_dp02_dp02_0151pe,dp02_0151pe
acs_dp02,acs_dp02_dp02_0151pm,dp02_0151pm
acs_dp02,acs_dp02_dp02_0152e,dp02_0152e
acs_dp02,acs_dp02_dp02_0152m,dp02_0152m
acs_dp02,acs_dp02_dp02_0152pe,dp02_0152pe
acs_dp02,acs_dp02_dp02_0152pm,dp02_0152pm
acs_dp02,acs_dp02_dp02_0153e,dp02_0153e
acs_dp02,acs_dp02_dp02_0153m,dp02_0153m
acs_dp02,acs_dp02_dp02_0153pe,dp02_0153pe
acs_dp02,acs_dp02_dp02_0153pm,dp02_0153pm
acs_dp02,acs_dp02_dp02_0154e,dp02_0154e
acs_dp02,acs_dp02_dp02_0154m,dp02_0154m
acs_dp02,acs_dp02_dp02_0154pe,dp02_0154pe
acs_dp02,acs_dp02_dp02_0154pm,dp02_0154pm
acs_dp03,acs_dp03_dp03_0001e,dp03_0001e
acs_dp03,acs_dp03_dp03_0001m,dp03_0001m
acs_dp03,acs_dp03_dp03_0001pe,dp03_0001pe
acs_dp03,acs_dp03_dp03_0001pm,dp03_0001pm
acs_dp03,acs_dp03_dp03_0002e,dp03_0002e
acs_dp03,acs_dp03_dp03_0002m,dp03_0002m
acs_dp03,acs_dp03_dp03_0002pe,dp03_0002pe
acs_dp03,acs_dp03_dp03_0002pm,dp03_0002pm
acs_dp03,acs_dp03_dp03_0003e,dp03_0003e
acs_dp03,acs_dp03_dp03_0003m,dp03_0003m
acs_dp03,acs_dp03_dp03_0003pe,dp03_0003pe
acs_dp03,acs_dp03_dp03_0003pm,dp03_0003pm
acs_dp03,acs_dp03_dp03_0004e,dp03_0004e
acs_dp03,acs_dp03_dp03_0004m,dp03_0004m
acs_dp03,acs_dp03_dp03_0004pe,dp03_0004pe
acs_dp03,acs_dp03_dp03_0004pm,dp03_0004pm
acs_dp03,acs_dp03_dp03_0005e,dp03_0005e
acs_dp03,acs_dp03_dp03_0005m,dp03_0005m
acs_dp03,acs_dp03_dp03_0005pe,dp03_0005pe
acs_dp03,acs_dp03_dp03_0005pm,dp03_0005pm
acs_dp03,acs_dp03_dp03_0006e,dp03_0006e
acs_dp03,acs_dp03_dp03_0006m,dp03_0006m
acs_dp03,acs_dp03_dp03_0006pe,dp03_0006pe
acs_dp03,acs_dp03_dp03_0006pm,dp03_0006pm
acs_dp03,acs_dp03_dp03_0007e,dp03_0007e
acs_dp03,acs_dp03_dp03_0007m,dp03_0007m
acs_dp03,acs_dp03_dp03_0007pe,dp03_0007pe
acs_dp03,acs_dp03_dp03_0007pm,dp03_0007pm
acs_dp03,acs_dp03_dp03_0008e,dp03_0008e
acs_dp03,acs_dp03_dp03_0008m,dp03_0008m
acs_dp03,acs_dp03_dp03_0008pe,dp03_0008pe
acs_dp03,acs_dp03_dp03_0008pm,dp03_0008pm
acs_dp03,acs_dp03_dp03_0009e,dp03_0009e
acs_dp03,acs_dp03_dp03_0009m,dp03_0009m
acs_dp03,acs_dp03_dp03_0009pe,dp03_0009pe
acs_dp03,acs_dp03_dp03_0009pm,dp03_0009pm
acs_dp03,acs_dp03_dp03_0010e,dp03_0010e
acs_dp03,acs_dp03_dp03_0010m,dp03_0010m
acs_dp03,acs_dp03_dp03_0010pe,dp03_0010pe
acs_dp03,acs_dp03_dp03_0010pm,dp03_0010pm
acs_dp03,acs_dp03_dp03_0011e,dp03_0011e
acs_dp03,acs_dp03_dp03_0011m,dp03_0011m
acs_dp03,acs_dp03_dp03_0011pe,dp03_0011pe
acs_dp03,acs_dp03_dp03_0011pm,dp03_0011pm
acs_dp03,acs_dp03_dp03_0012e,dp03_0012e
acs_dp03,acs_dp03_dp03_0012m,dp03_0012m
acs_dp03,acs_dp03_dp03_0012pe,dp03_0012pe
acs_dp03,acs_dp03_dp03_0012pm,dp03_0012pm
acs_dp03,acs_dp03_dp03_0013e,dp03_0013e
acs_dp03,acs_dp03_dp03_0013m,dp03_0013m
acs_dp03,acs_dp03_dp03_0013pe,dp03_0013pe
acs_dp03,acs_dp03_dp03_0013pm,dp03_0013pm
acs_dp03,acs_dp03_dp03_0014e,dp03_0014e
acs_dp03,acs_dp03_dp03_0014m,dp03_0014m
acs_dp03,acs_dp03_dp03_0014pe,dp03_0014pe
acs_dp03,acs_dp03_dp03_0014pm,dp03_0014pm
acs_dp03,acs_dp03_dp03_0015e,dp03_0015e
acs_dp03,acs_dp03_dp03_0015m,dp03_0015m
acs_dp03,acs_dp03_dp03_0015pe,dp03_0015pe
acs_dp03,acs_dp03_dp03_0015pm,dp03_0015pm
acs_dp03,acs_dp03_dp03_0016e,dp03_0016e
acs_dp03,acs_dp03_dp03_0016m,dp03_0016m
acs_dp03,acs_dp03_dp03_0016pe,dp03_0016pe
acs_dp03,acs_dp03_dp03_0016pm,dp03_0016pm
acs_dp03,acs_dp03_dp03_0017e,dp03_0017e
acs_dp03,acs_dp03_dp03_0017m,dp03_0017m
acs_dp03,acs_dp03_dp03_0017pe,dp03_0017pe
acs_dp03,acs_dp03_dp03_0017pm,dp03_0017pm
acs_dp03,acs_dp03_dp03_0018e,dp03_0018e
acs_dp03,acs_dp03_dp03_0018m,dp03_0018m
acs_dp03,acs_dp03_dp03_0018pe,dp03_0018pe
acs_dp03,acs_dp03_dp03_0018pm,dp03_0018pm
acs_dp03,acs_dp03_dp03_0019e,dp03_0019e
acs_dp03,acs_dp03_dp03_0019m,dp03_0019m
acs_dp03,acs_dp03_dp03_0019pe,dp03_0019pe
acs_dp03,acs_dp03_dp03_0019pm,dp03_0019pm
acs_dp03,acs_dp03_dp03_0020e,dp03_0020e
acs_dp03,acs_dp03_dp03_0020m,dp03_0020m
acs_dp03,acs_dp03_dp03_0020pe,dp03_0020pe
acs_dp03,acs_dp03_dp03_0020pm,dp03_0020pm
acs_dp03,acs_dp03_dp03_0021e,dp03_0021e
acs_dp03,acs_dp03_dp03_0021m,dp03_0021m
acs_dp03,acs_dp03_dp03_0021pe,dp03_0021pe
acs_dp03,acs_dp03_dp03_0021pm,dp03_0021pm
acs_dp03,acs_dp03_dp03_0022e,dp03_0022e
acs_dp03,acs_dp03_dp03_0022m,dp03_0022m
acs_dp03,acs_dp03_dp03_0022pe,dp03_0022pe
acs_dp03,acs_dp03_dp03_0022pm,dp03_0022pm
acs_dp03,acs_dp03_dp03_0023e,dp03_0023e
acs_dp03,acs_dp03_dp03_0023m,dp03_0023m
acs_dp03,acs_dp03_dp03_0023pe,dp03_0023pe
acs_dp03,acs_dp03_dp03_0023pm,dp03_0023pm
acs_dp03,acs_dp03_dp03_0024e,dp03_0024e
acs_dp03,acs_dp03_dp03_0024m,dp03_0024m
acs_dp03,acs_dp03_dp03_0024pe,dp03_0024pe
acs_dp03,acs_dp03_dp03_0024pm,dp03_0024pm
acs_dp03,acs_dp03_dp03_0025e,dp03_0025e
acs_dp03,acs_dp03_dp03_0025m,dp03_0025m
acs_dp03,acs_dp03_dp03_0025pe,dp03_0025pe
acs_dp03,acs_dp03_dp03_0025pm,dp03_0025pm
acs_dp03,acs_dp03_dp03_0026e,dp03_0026e
acs_dp03,acs_dp03_dp03_0026m,dp03_0026m
acs_dp03,acs_dp03_dp03_0026pe,dp03_0026pe
acs_dp03,acs_dp03_dp03_0026pm,dp03_0026pm
acs_dp03,acs_dp03_dp03_0027e,dp03_0027e
acs_dp03,acs_dp03_dp03_0027m,dp03_0027m
acs_dp03,acs_dp03_dp03_0027pe,dp03_0027pe
acs_dp03,acs_dp03_dp03_0027pm,dp03_0027pm
acs_dp03,acs_dp03_dp03_0028e,dp03_0028e
acs_dp03,acs_dp03_dp03_0028m,dp03_0028m
acs_dp03,acs_dp03_dp03_0028pe,dp03_0028pe
acs_dp03,acs_dp03_dp03_0028pm,dp03_0028pm
acs_dp03,acs_dp03_dp03_0029e,dp03_0029e
acs_dp03,acs_dp03_dp03_0029m,dp03_0029m
acs_dp03,acs_dp03_dp03_0029pe,dp03_0029pe
acs_dp03,acs_dp03_dp03_0029pm,dp03_0029pm
acs_dp03,acs_dp03_dp03_0030e,dp03_0030e
acs_dp03,acs_dp03_dp03_0030m,dp03_0030m
acs_dp03,acs_dp03_dp03_0030pe,dp03_0030pe
acs_dp03,acs_dp03_dp03_0030pm,dp03_0030pm
acs_dp03,acs_dp03_dp03_0031e,dp03_0031e
acs_dp03,acs_dp03_dp03_0031m,dp03_0031m
acs_dp03,acs_dp03_dp03_0031pe,dp03_0031pe
acs_dp03,acs_dp03_dp03_0031pm,dp03_0031pm
acs_dp03,acs_dp03_dp03_0032e,dp03_0032e
acs_dp03,acs_dp03_dp03_0032m,dp03_0032m
acs_dp03,acs_dp03_dp03_0032pe,dp03_0032pe
acs_dp03,acs_dp03_dp03_0032pm,dp03_0032pm
acs_dp03,acs_dp03_dp03_0033e,dp03_0033e
acs_dp03,acs_dp03_dp03_0033m,dp03_0033m
acs_dp03,acs_dp03_dp03_0033pe,dp03_0033pe
acs_dp03,acs_dp03_dp03_0033pm,dp03_0033pm
acs_dp03,acs_dp03_dp03_0034e,dp03_0034e
acs_dp03,acs_dp03_dp03_0034m,dp03_0034m
acs_dp03,acs_dp03_dp03_0034pe,dp03_0034pe
acs_dp03,acs_dp03_dp03_0034pm,dp03_0034pm
acs_dp03,acs_dp03_dp03_0035e,dp03_0035e
acs_dp03,acs_dp03_dp03_0035m,dp03_0035m
acs_dp03,acs_dp03_dp03_0035pe,dp03_0035pe
acs_dp03,acs_dp03_dp03_0035pm,dp03_0035pm
acs_dp03,acs_dp03_dp03_0036e,dp03_0036e
acs_dp03,acs_dp03_dp03_0036m,dp03_0036m
acs_dp03,acs_dp03_dp03_0036pe,dp03_0036pe
acs_dp03,acs_dp03_dp03_0036pm,dp03_0036pm
acs_dp03,acs_dp03_dp03_0037e,dp03_0037e
acs_dp03,acs_dp03_dp03_0037m,dp03_0037m
acs_dp03,acs_dp03_dp03_0037pe,dp03_0037pe
acs_dp03,acs_dp03_dp03_0037pm,dp03_0037pm
acs_dp03,acs_dp03_dp03_0038e,dp03_0038e
acs_dp03,acs_dp03_dp03_0038m,dp03_0038m
acs_dp03,acs_dp03_dp03_0038pe,dp03_0038pe
acs_dp03,acs_dp03_dp03_0038pm,dp03_0038pm
acs_dp03,acs_dp03_dp03_0039e,dp03_0039e
acs_dp03,acs_dp03_dp03_0039m,dp03_0039m
acs_dp03,acs_dp03_dp03_0039pe,dp03_0039pe
acs_dp03,acs_dp03_dp03_0039pm,dp03_0039pm
acs_dp03,acs_dp03_dp03_0040e,dp03_0040e
acs_dp03,acs_dp03_dp03_0040m,dp03_0040m
acs_dp03,acs_dp03_dp03_0040pe,dp03_0040pe
acs_dp03,acs_dp03_dp03_0040pm,dp03_0040pm
acs_dp03,acs_dp03_dp03_0041e,dp03_0041e
acs_dp03,acs_dp03_dp03_0041m,dp03_0041m
acs_dp03,acs_dp03_dp03_0041pe,dp03_0041pe
acs_dp03,acs_dp03_dp03_0041pm,dp03_0041pm
acs_dp03,acs_dp03_dp03_0042e,dp03_0042e
acs_dp03,acs_dp03_dp03_0042m,dp03_0042m
acs_dp03,acs_dp03_dp03_0042pe,dp03_0042pe
acs_dp03,acs_dp03_dp03_0042pm,dp03_0042pm
acs_dp03,acs_dp03_dp03_0043e,dp03_0043e
acs_dp03,acs_dp03_dp03_0043m,dp03_0043m
acs_dp03,acs_dp03_dp03_0043pe,dp03_0043pe
acs_dp03,acs_dp03_dp03_0043pm,dp03_0043pm
acs_dp03,acs_dp03_dp03_0044e,dp03_0044e
acs_dp03,acs_dp03_dp03_0044m,dp03_0044m
acs_dp03,acs_dp03_dp03_0044pe,dp03_0044pe
acs_dp03,acs_dp03_dp03_0044pm,dp03_0044pm
acs_dp03,acs_dp03_dp03_0045e,dp03_0045e
acs_dp03,acs_dp03_dp03_0045m,dp03_0045m
acs_dp03,acs_dp03_dp03_0045pe,dp03_0045pe
acs_dp03,acs_dp03_dp03_0045pm,dp03_0045pm
acs_dp03,acs_dp03_dp03_0046e,dp03_0046e
acs_dp03,acs_dp03_dp03_0046m,dp03_0046m
acs_dp03,acs_dp03_dp03_0046pe,dp03_0046pe
acs_dp03,acs_dp03_dp03_0046pm,dp03_0046pm
acs_dp03,acs_dp03_dp03_0047e,dp03_0047e
acs_dp03,acs_dp03_dp03_0047m,dp03_0047m
acs_dp03,acs_dp03_dp03_0047pe,dp03_0047pe
acs_dp03,acs_dp03_dp03_0047pm,dp03_0047pm
acs_dp03,acs_dp03_dp03_0048e,dp03_0048e
acs_dp03,acs_dp03_dp03_0048m,dp03_0048m
acs_dp03,acs_dp03_dp03_0048pe,dp03_0048pe
acs_dp03,acs_dp03_dp03_0048pm,dp03_0048pm
acs_dp03,acs_dp03_dp03_0049e,dp03_0049e
acs_dp03,acs_dp03_dp03_0049m,dp03_0049m
acs_dp03,acs_dp03_dp03_0049pe,dp03_0049pe
acs_dp03,acs_dp03_dp03_0049pm,dp03_0049pm
acs_dp03,acs_dp03_dp03_0050e,dp03_0050e
acs_dp03,acs_dp03_dp03_0050m,dp03_0050m
acs_dp03,acs_dp03_dp03_0050pe,dp03_0050pe
acs_dp03,acs_dp03_dp03_0050pm,dp03_0050pm
acs_dp03,acs_dp03_dp03_0051e,dp03_0051e
acs_dp03,acs_dp03_dp03_0051m,dp03_0051m
acs_dp03,acs_dp03_dp03_0051pe,dp03_0051pe
acs_dp03,acs_dp03_dp03_0051pm,dp03_0051pm
acs_dp03,acs_dp03_dp03_0052e,dp03_0052e
acs_dp03,acs_dp03_dp03_0052m,dp03_0052m
acs_dp03,acs_dp03_dp03_0052pe,dp03_0052pe
acs_dp03,acs_dp03_dp03_0052pm,dp03_0052pm
acs_dp03,acs_dp03_dp03_0053e,dp03_0053e
acs_dp03,acs_dp03_dp03_0053m,dp03_0053m
acs_dp03,acs_dp03_dp03_0053pe,dp03_0053pe
acs_dp03,acs_dp03_dp03_0053pm,dp03_0053pm
acs_dp03,acs_dp03_dp03_0054e,dp03_0054e
acs_dp03,acs_dp03_dp03_0054m,dp03_0054m
acs_dp03,acs_dp03_dp03_0054pe,dp03_0054pe
acs_dp03,acs_dp03_dp03_0054pm,dp03_0054pm
acs_dp03,acs_dp03_dp03_0055e,dp03_0055e
acs_dp03,acs_dp03_dp03_0055m,dp03_0055m
acs_dp03,acs_dp03_dp03_0055pe,dp03_0055pe
acs_dp03,acs_dp03_dp03_0055pm,dp03_0055pm
acs_dp03,acs_dp03_dp03_0056e,dp03_0056e
acs_dp03,acs_dp03_dp03_0056m,dp03_0056m
acs_dp03,acs_dp03_dp03_0056pe,dp03_0056pe
acs_dp03,acs_dp03_dp03_0056pm,dp03_0056pm
acs_dp03,acs_dp03_dp03_0057e,dp03_0057e
acs_dp03,acs_dp03_dp03_0057m,dp03_0057m
acs_dp03,acs_dp03_dp03_0057pe,dp03_0057pe
acs_dp03,acs_dp03_dp03_0057pm,dp03_0057pm
acs_dp03,acs_dp03_dp03_0058e,dp03_0058e
acs_dp03,acs_dp03_dp03_0058m,dp03_0058m
acs_dp03,acs_dp03_dp03_0058pe,dp03_0058pe
acs_dp03,acs_dp03_dp03_0058pm,dp03_0058pm
acs_dp03,acs_dp03_dp03_0059e,dp03_0059e
acs_dp03,acs_dp03_dp03_0059m,dp03_0059m
acs_dp03,acs_dp03_dp03_0059pe,dp03_0059pe
acs_dp03,acs_dp03_dp03_0059pm,dp03_0059pm
acs_dp03,acs_dp03_dp03_0060e,dp03_0060e
acs_dp03,acs_dp03_dp03_0060m,dp03_0060m
acs_dp03,acs_dp03_dp03_0060pe,dp03_0060pe
acs_dp03,acs_dp03_dp03_0060pm,dp03_0060pm
acs_dp03,acs_dp03_dp03_0061e,dp03_0061e
acs_dp03,acs_dp03_dp03_0061m,dp03_0061m
acs_dp03,acs_dp03_dp03_0061pe,dp03_0061pe
acs_dp03,acs_dp03_dp03_0061pm,dp03_0061pm
acs_dp03,acs_dp03_dp03_0062e,dp03_0062e
acs_dp03,acs_dp03_dp03_0062m,dp03_0062m
acs_dp03,acs_dp03_dp03_0062pe,dp03_0062pe
acs_dp03,acs_dp03_dp03_0062pm,dp03_0062pm
acs_dp03,acs_dp03_dp03_0063e,dp03_0063e
acs_dp03,acs_dp03_dp03_0063m,dp03_0063m
acs_dp03,acs_dp03_dp03_0063pe,dp03_0063pe
acs_dp03,acs_dp03_dp03_0063pm,dp03_0063pm
acs_dp03,acs_dp03_dp03_0064e,dp03_0064e
acs_dp03,acs_dp03_dp03_0064m,dp03_0064m
acs_dp03,acs_dp03_dp03_0064pe,dp03_0064pe
acs_dp03,acs_dp03_dp03_0064pm,dp03_0064pm
acs_dp03,acs_dp03_dp03_0065e,dp03_0065e
acs_dp03,acs_dp03_dp03_0065m,dp03_0065m
acs_dp03,acs_dp03_dp03_0065pe,dp03_0065pe
acs_dp03,acs_dp03_dp03_0065pm,dp03_0065pm
acs_dp03,acs_dp03_dp03_0066e,dp03_0066e
acs_dp03,acs_dp03_dp03_0066m,dp03_0066m
acs_dp03,acs_dp03_dp03_0066pe,dp03_0066pe
acs_dp03,acs_dp03_dp03_0066pm,dp03_0066pm
acs_dp03,acs_dp03_dp03_0067e,dp03_0067e
acs_dp03,acs_dp03_dp03_0067m,dp03_0067m
acs_dp03,acs_dp03_dp03_0067pe,dp03_0067pe
acs_dp03,acs_dp03_dp03_0067pm,dp03_0067pm
acs_dp03,acs_dp03_dp03_0068e,dp03_0068e
acs_dp03,acs_dp03_dp03_0068m,dp03_0068m
acs_dp03,acs_dp03_dp03_0068pe,dp03_0068pe
acs_dp03,acs_dp03_dp03_0068pm,dp03_0068pm
acs_dp03,acs_dp03_dp03_0069e,dp03_0069e
acs_dp03,acs_dp03_dp03_0069m,dp03_0069m
acs_dp03,acs_dp03_dp03_0069pe,dp03_0069pe
acs_dp03,acs_dp03_dp03_0069pm,dp03_0069pm
acs_dp03,acs_dp03_dp03_0070e,dp03_0070e
acs_dp03,acs_dp03_dp03_0070m,dp03_0070m
acs_dp03,acs_dp03_dp03_0070pe,dp03_0070pe
acs_dp03,acs_dp03_dp03_0070pm,dp03_0070pm
acs_dp03,acs_dp03_dp03_0071e,dp03_0071e
acs_dp03,acs_dp03_dp03_0071m,dp03_0071m
acs_dp03,acs_dp03_dp03_0071pe,dp03_0071pe
acs_dp03,acs_dp03_dp03_0071pm,dp03_0071pm
acs_dp03,acs_dp03_dp03_0072e,dp03_0072e
acs_dp03,acs_dp03_dp03_0072m,dp03_0072m
acs_dp03,acs_dp03_dp03_0072pe,dp03_0072pe
acs_dp03,acs_dp03_dp03_0072pm,dp03_0072pm
acs_dp03,acs_dp03_dp03_0073e,dp03_0073e
acs_dp03,acs_dp03_dp03_0073m,dp03_0073m
acs_dp03,acs_dp03_dp03_0073pe,dp03_0073pe
acs_dp03,acs_dp03_dp03_0073pm,dp03_0073pm
acs_dp03,acs_dp03_dp03_0074e,dp03_0074e
acs_dp03,acs_dp03_dp03_0074m,dp03_0074m
acs_dp03,acs_dp03_dp03_0074pe,dp03_0074pe
acs_dp03,acs_dp03_dp03_0074pm,dp03_0074pm
acs_dp03,acs_dp03_dp03_0075e,dp03_0075e
acs_dp03,acs_dp03_dp03_0075m,dp03_0075m
acs_dp03,acs_dp03_dp03_0075pe,dp03_0075pe
acs_dp03,acs_dp03_dp03_0075pm,dp03_0075pm
acs_dp03,acs_dp03_dp03_0076e,dp03_0076e
acs_dp03,acs_dp03_dp03_0076m,dp03_0076m
acs_dp03,acs_dp03_dp03_0076pe,dp03_0076pe
acs_dp03,acs_dp03_dp03_0076pm,dp03_0076pm
acs_dp03,acs_dp03_dp03_0077e,dp03_0077e
acs_dp03,acs_dp03_dp03_0077m,dp03_0077m
acs_dp03,acs_dp03_dp03_0077pe,dp03_0077pe
acs_dp03,acs_dp03_dp03_0077pm,dp03_0077pm
acs_dp03,acs_dp03_dp03_0078e,dp03_0078e
acs_dp03,acs_dp03_dp03_0078m,dp03_0078m
acs_dp03,acs_dp03_dp03_0078pe,dp03_0078pe
acs_dp03,acs_dp03_dp03_0078pm,dp03_0078pm
acs_dp03,acs_dp03_dp03_0079e,dp03_0079e
acs_dp03,acs_dp03_dp03_0079m,dp03_0079m
acs_dp03,acs_dp03_dp03_0079pe,dp03_0079pe
acs_dp03,acs_dp03_dp03_0079pm,dp03_0079pm
acs_dp03,acs_dp03_dp03_0080e,dp03_0080e
acs_dp03,acs_dp03_dp03_0080m,dp03_0080m
acs_dp03,acs_dp03_dp03_0080pe,dp03_0080pe
acs_dp03,acs_dp03_dp03_0080pm,dp03_0080pm
acs_dp03,acs_dp03_dp03_0081e,dp03_0081e
acs_dp03,acs_dp03_dp03_0081m,dp03_0081m
acs_dp03,acs_dp03_dp03_0081pe,dp03_0081pe
acs_dp03,acs_dp03_dp03_0081pm,dp03_0081pm
acs_dp03,acs_dp03_dp03_0082e,dp03_0082e
acs_dp03,acs_dp03_dp03_0082m,dp03_0082m
acs_dp03,acs_dp03_dp03_0082pe,dp03_0082pe
acs_dp03,acs_dp03_dp03_0082pm,dp03_0082pm
acs_dp03,acs_dp03_dp03_0083e,dp03_0083e
acs_dp03,acs_dp03_dp03_0083m,dp03_0083m
acs_dp03,acs_dp03_dp03_0083pe,dp03_0083pe
acs_dp03,acs_dp03_dp03_0083pm,dp03_0083pm
acs_dp03,acs_dp03_dp03_0084e,dp03_0084e
acs_dp03,acs_dp03_dp03_0084m,dp03_0084m
acs_dp03,acs_dp03_dp03_0084pe,dp03_0084pe
acs_dp03,acs_dp03_dp03_0084pm,dp03_0084pm
acs_dp03,acs_dp03_dp03_0085e,dp03_0085e
acs_dp03,acs_dp03_dp03_0085m,dp03_0085m
acs_dp03,acs_dp03_dp03_0085pe,dp03_0085pe
acs_dp03,acs_dp03_dp03_0085pm,dp03_0085pm
acs_dp03,acs_dp03_dp03_0086e,dp03_0086e
acs_dp03,acs_dp03_dp03_0086m,dp03_0086m
acs_dp03,acs_dp03_dp03_0086pe,dp03_0086pe
acs_dp03,acs_dp03_dp03_0086pm,dp03_0086pm
acs_dp03,acs_dp03_dp03_0087e,dp03_0087e
acs_dp03,acs_dp03_dp03_0087m,dp03_0087m
acs_dp03,acs_dp03_dp03_0087pe,dp03_0087pe
acs_dp03,acs_dp03_dp03_0087pm,dp03_0087pm
acs_dp03,acs_dp03_dp03_0088e,dp03_0088e
acs_dp03,acs_dp03_dp03_0088m,dp03_0088m
acs_dp03,acs_dp03_dp03_0088pe,dp03_0088pe
acs_dp03,acs_dp03_dp03_0088pm,dp03_0088pm
acs_dp03,acs_dp03_dp03_0089e,dp03_0089e
acs_dp03,acs_dp03_dp03_0089m,dp03_0089m
acs_dp03,acs_dp03_dp03_0089pe,dp03_0089pe
acs_dp03,acs_dp03_dp03_0089pm,dp03_0089pm
acs_dp03,acs_dp03_dp03_0090e,dp03_0090e
acs_dp03,acs_dp03_dp03_0090m,dp03_0090m
acs_dp03,acs_dp03_dp03_0090pe,dp03_0090pe
acs_dp03,acs_dp03_dp03_0090pm,dp03_0090pm
acs_dp03,acs_dp03_dp03_0091e,dp03_0091e
acs_dp03,acs_dp03_dp03_0091m,dp03_0091m
acs_dp03,acs_dp03_dp03_0091pe,dp03_0091pe
acs_dp03,acs_dp03_dp03_0091pm,dp03_0091pm
acs_dp03,acs_dp03_dp03_0092e,dp03_0092e
acs_dp03,acs_dp03_dp03_0092m,dp03_0092m
acs_dp03,acs_dp03_dp03_0092pe,dp03_0092pe
acs_dp03,acs_dp03_dp03_0092pm,dp03_0092pm
acs_dp03,acs_dp03_dp03_0093e,dp03_0093e
acs_dp03,acs_dp03_dp03_0093m,dp03_0093m
acs_dp03,acs_dp03_dp03_0093pe,dp03_0093pe
acs_dp03,acs_dp03_dp03_0093pm,dp03_0093pm
acs_dp03,acs_dp03_dp03_0094e,dp03_0094e
acs_dp03,acs_dp03_dp03_0094m,dp03_0094m
acs_dp03,acs_dp03_dp03_0094pe,dp03_0094pe
acs_dp03,acs_dp03_dp03_0094pm,dp03_0094pm
acs_dp03,acs_dp03_dp03_0095e,dp03_0095e
acs_dp03,acs_dp03_dp03_0095m,dp03_0095m
acs_dp03,acs_dp03_dp03_0095pe,dp03_0095pe
acs_dp03,acs_dp03_dp03_0095pm,dp03_0095pm
acs_dp03,acs_dp03_dp03_0096e,dp03_0096e
acs_dp03,acs_dp03_dp03_0096m,dp03_0096m
acs_dp03,acs_dp03_dp03_0096pe,dp03_0096pe
acs_dp03,acs_dp03_dp03_0096pm,dp03_0096pm
acs_dp03,acs_dp03_dp03_0097e,dp03_0097e
acs_dp03,acs_dp03_dp03_0097m,dp03_0097m
acs_dp03,acs_dp03_dp03_0097pe,dp03_0097pe
acs_dp03,acs_dp03_dp03_0097pm,dp03_0097pm
acs_dp03,acs_dp03_dp03_0098e,dp03_0098e
acs_dp03,acs_dp03_dp03_0098m,dp03_0098m
acs_dp03,acs_dp03_dp03_0098pe,dp03_0098pe
acs_dp03,acs_dp03_dp03_0098pm,dp03_0098pm
acs_dp03,acs_dp03_dp03_0099e,dp03_0099e
acs_dp03,acs_dp03_dp03_0099m,dp03_0099m
acs_dp03,acs_dp03_dp03_0099pe,dp03_0099pe
acs_dp03,acs_dp03_dp03_0099pm,dp03_0099pm
acs_dp03,acs_dp03_dp03_0100e,dp03_0100e
acs_dp03,acs_dp03_dp03_0100m,dp03_0100m
acs_dp03,acs_dp03_dp03_0100pe,dp03_0100pe
acs_dp03,acs_dp03_dp03_0100pm,dp03_0100pm
acs_dp03,acs_dp03_dp03_0101e,dp03_0101e
acs_dp03,acs_dp03_dp03_0101m,dp03_0101m
acs_dp03,acs_dp03_dp03_0101pe,dp03_0101pe
acs_dp03,acs_dp03_dp03_0101pm,dp03_0101pm
acs_dp03,acs_dp03_dp03_0102e,dp03_0102e
acs_dp03,acs_dp03_dp03_0102m,dp03_0102m
acs_dp03,acs_dp03_dp03_0102pe,dp03_0102pe
acs_dp03,acs_dp03_dp03_0102pm,dp03_0102pm
acs_dp03,acs_dp03_dp03_0103e,dp03_0103e
acs_dp03,acs_dp03_dp03_0103m,dp03_0103m
acs_dp03,acs_dp03_dp03_0103pe,dp03_0103pe
acs_dp03,acs_dp03_dp03_0103pm,dp03_0103pm
acs_dp03,acs_dp03_dp03_0104e,dp03_0104e
acs_dp03,acs_dp03_dp03_0104m,dp03_0104m
acs_dp03,acs_dp03_dp03_0104pe,dp03_0104pe
acs_dp03,acs_dp03_dp03_0104pm,dp03_0104pm
acs_dp03,acs_dp03_dp03_0105e,dp03_0105e
acs_dp03,acs_dp03_dp03_0105m,dp03_0105m
acs_dp03,acs_dp03_dp03_0105pe,dp03_0105pe
acs_dp03,acs_dp03_dp03_0105pm,dp03_0105pm
acs_dp03,acs_dp03_dp03_0106e,dp03_0106e
acs_dp03,acs_dp03_dp03_0106m,dp03_0106m
acs_dp03,acs_dp03_dp03_0106pe,dp03_0106pe
acs_dp03,acs_dp03_dp03_0106pm,dp03_0106pm
acs_dp03,acs_dp03_dp03_0107e,dp03_0107e
acs_dp03,acs_dp03_dp03_0107m,dp03_0107m
acs_dp03,acs_dp03_dp03_0107pe,dp03_0107pe
acs_dp03,acs_dp03_dp03_0107pm,dp03_0107pm
acs_dp03,acs_dp03_dp03_0108e,dp03_0108e
acs_dp03,acs_dp03_dp03_0108m,dp03_0108m
acs_dp03,acs_dp03_dp03_0108pe,dp03_0108pe
acs_dp03,acs_dp03_dp03_0108pm,dp03_0108pm
acs_dp03,acs_dp03_dp03_0109e,dp03_0109e
acs_dp03,acs_dp03_dp03_0109m,dp03_0109m
acs_dp03,acs_dp03_dp03_0109pe,dp03_0109pe
acs_dp03,acs_dp03_dp03_0109pm,dp03_0109pm
acs_dp03,acs_dp03_dp03_0110e,dp03_0110e
acs_dp03,acs_dp03_dp03_0110m,dp03_0110m
acs_dp03,acs_dp03_dp03_0110pe,dp03_0110pe
acs_dp03,acs_dp03_dp03_0110pm,dp03_0110pm
acs_dp03,acs_dp03_dp03_0111e,dp03_0111e
acs_dp03,acs_dp03_dp03_0111m,dp03_0111m
acs_dp03,acs_dp03_dp03_0111pe,dp03_0111pe
acs_dp03,acs_dp03_dp03_0111pm,dp03_0111pm
acs_dp03,acs_dp03_dp03_0112e,dp03_0112e
acs_dp03,acs_dp03_dp03_0112m,dp03_0112m
acs_dp03,acs_dp03_dp03_0112pe,dp03_0112pe
acs_dp03,acs_dp03_dp03_0112pm,dp03_0112pm
acs_dp03,acs_dp03_dp03_0113e,dp03_0113e
acs_dp03,acs_dp03_dp03_0113m,dp03_0113m
acs_dp03,acs_dp03_dp03_0113pe,dp03_0113pe
acs_dp03,acs_dp03_dp03_0113pm,dp03_0113pm
acs_dp03,acs_dp03_dp03_0114e,dp03_0114e
acs_dp03,acs_dp03_dp03_0114m,dp03_0114m
acs_dp03,acs_dp03_dp03_0114pe,dp03_0114pe
acs_dp03,acs_dp03_dp03_0114pm,dp03_0114pm
acs_dp03,acs_dp03_dp03_0115e,dp03_0115e
acs_dp03,acs_dp03_dp03_0115m,dp03_0115m
acs_dp03,acs_dp03_dp03_0115pe,dp03_0115pe
acs_dp03,acs_dp03_dp03_0115pm,dp03_0115pm
acs_dp03,acs_dp03_dp03_0116e,dp03_0116e
acs_dp03,acs_dp03_dp03_0116m,dp03_0116m
acs_dp03,acs_dp03_dp03_0116pe,dp03_0116pe
acs_dp03,acs_dp03_dp03_0116pm,dp03_0116pm
acs_dp03,acs_dp03_dp03_0117e,dp03_0117e
acs_dp03,acs_dp03_dp03_0117m,dp03_0117m
acs_dp03,acs_dp03_dp03_0117pe,dp03_0117pe
acs_dp03,acs_dp03_dp03_0117pm,dp03_0117pm
acs_dp03,acs_dp03_dp03_0118e,dp03_0118e
acs_dp03,acs_dp03_dp03_0118m,dp03_0118m
acs_dp03,acs_dp03_dp03_0118pe,dp03_0118pe
acs_dp03,acs_dp03_dp03_0118pm,dp03_0118pm
acs_dp03,acs_dp03_dp03_0119e,dp03_0119e
acs_dp03,acs_dp03_dp03_0119m,dp03_0119m
acs_dp03,acs_dp03_dp03_0119pe,dp03_0119pe
acs_dp03,acs_dp03_dp03_0119pm,dp03_0119pm
acs_dp03,acs_dp03_dp03_0120e,dp03_0120e
acs_dp03,acs_dp03_dp03_0120m,dp03_0120m
acs_dp03,acs_dp03_dp03_0120pe,dp03_0120pe
acs_dp03,acs_dp03_dp03_0120pm,dp03_0120pm
acs_dp03,acs_dp03_dp03_0121e,dp03_0121e
acs_dp03,acs_dp03_dp03_0121m,dp03_0121m
acs_dp03,acs_dp03_dp03_0121pe,dp03_0121pe
acs_dp03,acs_dp03_dp03_0121pm,dp03_0121pm
acs_dp03,acs_dp03_dp03_0122e,dp03_0122e
acs_dp03,acs_dp03_dp03_0122m,dp03_0122m
acs_dp03,acs_dp03_dp03_0122pe,dp03_0122pe
acs_dp03,acs_dp03_dp03_0122pm,dp03_0122pm
acs_dp03,acs_dp03_dp03_0123e,dp03_0123e
acs_dp03,acs_dp03_dp03_0123m,dp03_0123m
acs_dp03,acs_dp03_dp03_0123pe,dp03_0123pe
acs_dp03,acs_dp03_dp03_0123pm,dp03_0123pm
acs_dp03,acs_dp03_dp03_0124e,dp03_0124e
acs_dp03,acs_dp03_dp03_0124m,dp03_0124m
acs_dp03,acs_dp03_dp03_0124pe,dp03_0124pe
acs_dp03,acs_dp03_dp03_0124pm,dp03_0124pm
acs_dp03,acs_dp03_dp03_0125e,dp03_0125e
acs_dp03,acs_dp03_dp03_0125m,dp03_0125m
acs_dp03,acs_dp03_dp03_0125pe,dp03_0125pe
acs_dp03,acs_dp03_dp03_0125pm,dp03_0125pm
acs_dp03,acs_dp03_dp03_0126e,dp03_0126e
acs_dp03,acs_dp03_dp03_0126m,dp03_0126m
acs_dp03,acs_dp03_dp03_0126pe,dp03_0126pe
acs_dp03,acs_dp03_dp03_0126pm,dp03_0126pm
acs_dp03,acs_dp03_dp03_0127e,dp03_0127e
acs_dp03,acs_dp03_dp03_0127m,dp03_0127m
acs_dp03,acs_dp03_dp03_0127pe,dp03_0127pe
acs_dp03,acs_dp03_dp03_0127pm,dp03_0127pm
acs_dp03,acs_dp03_dp03_0128e,dp03_0128e
acs_dp03,acs_dp03_dp03_0128m,dp03_0128m
acs_dp03,acs_dp03_dp03_0128pe,dp03_0128pe
acs_dp03,acs_dp03_dp03_0128pm,dp03_0128pm
acs_dp03,acs_dp03_dp03_0129e,dp03_0129e
acs_dp03,acs_dp03_dp03_0129m,dp03_0129m
acs_dp03,acs_dp03_dp03_0129pe,dp03_0129pe
acs_dp03,acs_dp03_dp03_0129pm,dp03_0129pm
acs_dp03,acs_dp03_dp03_0130e,dp03_0130e
acs_dp03,acs_dp03_dp03_0130m,dp03_0130m
acs_dp03,acs_dp03_dp03_0130pe,dp03_0130pe
acs_dp03,acs_dp03_dp03_0130pm,dp03_0130pm
acs_dp03,acs_dp03_dp03_0131e,dp03_0131e
acs_dp03,acs_dp03_dp03_0131m,dp03_0131m
acs_dp03,acs_dp03_dp03_0131pe,dp03_0131pe
acs_dp03,acs_dp03_dp03_0131pm,dp03_0131pm
acs_dp03,acs_dp03_dp03_0132e,dp03_0132e
acs_dp03,acs_dp03_dp03_0132m,dp03_0132m
acs_dp03,acs_dp03_dp03_0132pe,dp03_0132pe
acs_dp03,acs_dp03_dp03_0132pm,dp03_0132pm
acs_dp03,acs_dp03_dp03_0133e,dp03_0133e
acs_dp03,acs_dp03_dp03_0133m,dp03_0133m
acs_dp03,acs_dp03_dp03_0133pe,dp03_0133pe
acs_dp03,acs_dp03_dp03_0133pm,dp03_0133pm
acs_dp03,acs_dp03_dp03_0134e,dp03_0134e
acs_dp03,acs_dp03_dp03_0134m,dp03_0134m
acs_dp03,acs_dp03_dp03_0134pe,dp03_0134pe
acs_dp03,acs_dp03_dp03_0134pm,dp03_0134pm
acs_dp03,acs_dp03_dp03_0135e,dp03_0135e
acs_dp03,acs_dp03_dp03_0135m,dp03_0135m
acs_dp03,acs_dp03_dp03_0135pe,dp03_0135pe
acs_dp03,acs_dp03_dp03_0135pm,dp03_0135pm
acs_dp03,acs_dp03_dp03_0136e,dp03_0136e
acs_dp03,acs_dp03_dp03_0136m,dp03_0136m
acs_dp03,acs_dp03_dp03_0136pe,dp03_0136pe
acs_dp03,acs_dp03_dp03_0136pm,dp03_0136pm
acs_dp03,acs_dp03_dp03_0137e,dp03_0137e
acs_dp03,acs_dp03_dp03_0137m,dp03_0137m
acs_dp03,acs_dp03_dp03_0137pe,dp03_0137pe
acs_dp03,acs_dp03_dp03_0137pm,dp03_0137pm
acs_dp04,acs_dp04_dp04_0001e,dp04_0001e
acs_dp04,acs_dp04_dp04_0001m,dp04_0001m
acs_dp04,acs_dp04_dp04_0001pe,dp04_0001pe
acs_dp04,acs_dp04_dp04_0001pm,dp04_0001pm
acs_dp04,acs_dp04_dp04_0002e,dp04_0002e
acs_dp04,acs_dp04_dp04_0002m,dp04_0002m
acs_dp04,acs_dp04_dp04_0002pe,dp04_0002pe
acs_dp04,acs_dp04_dp04_0002pm,dp04_0002pm
acs_dp04,acs_dp04_dp04_0003e,dp04_0003e
acs_dp04,acs_dp04_dp04_0003m,dp04_0003m
acs_dp04,acs_dp04_dp04_0003pe,dp04_0003pe
acs_dp04,acs_dp04_dp04_0003pm,dp04_0003pm
acs_dp04,acs_dp04_dp04_0004e,dp04_0004e
acs_dp04,acs_dp04_dp04_0004m,dp04_0004m
acs_dp04,acs_dp04_dp04_0004pe,dp04_0004pe
acs_dp04,acs_dp04_dp04_0004pm,dp04_0004pm
acs_dp04,acs_dp04_dp04_0005e,dp04_0005e
acs_dp04,acs_dp04_dp04_0005m,dp04_0005m
acs_dp04,acs_dp04_dp04_0005pe,dp04_0005pe
acs_dp04,acs_dp04_dp04_0005pm,dp04_0005pm
acs_dp04,acs_dp04_dp04_0006e,dp04_0006e
acs_dp04,acs_dp04_dp04_0006m,dp04_0006m
acs_dp04,acs_dp04_dp04_0006pe,dp04_0006pe
acs_dp04,acs_dp04_dp04_0006pm,dp04_0006pm
acs_dp04,acs_dp04_dp04_0007e,dp04_0007e
acs_dp04,acs_dp04_dp04_0007m,dp04_0007m
acs_dp04,acs_dp04_dp04_0007pe,dp04_0007pe
acs_dp04,acs_dp04_dp04_0007pm,dp04_0007pm
acs_dp04,acs_dp04_dp04_0008e,dp04_0008e
acs_dp04,acs_dp04_dp04_0008m,dp04_0008m
acs_dp04,acs_dp04_dp04_0008pe,dp04_0008pe
acs_dp04,acs_dp04_dp04_0008pm,dp04_0008pm
acs_dp04,acs_dp04_dp04_0009e,dp04_0009e
acs_dp04,acs_dp04_dp04_0009m,dp04_0009m
acs_dp04,acs_dp04_dp04_0009pe,dp04_0009pe
acs_dp04,acs_dp04_dp04_0009pm,dp04_0009pm
acs_dp04,acs_dp04_dp04_0010e,dp04_0010e
acs_dp04,acs_dp04_dp04_0010m,dp04_0010m
acs_dp04,acs_dp04_dp04_0010pe,dp04_0010pe
acs_dp04,acs_dp04_dp04_0010pm,dp04_0010pm
acs_dp04,acs_dp04_dp04_0011e,dp04_0011e
acs_dp04,acs_dp04_dp04_0011m,dp04_0011m
acs_dp04,acs_dp04_dp04_0011pe,dp04_0011pe
acs_dp04,acs_dp04_dp04_0011pm,dp04_0011pm
acs_dp04,acs_dp04_dp04_0012e,dp04_0012e
acs_dp04,acs_dp04_dp04_0012m,dp04_0012m
acs_dp04,acs_dp04_dp04_0012pe,dp04_0012pe
acs_dp04,acs_dp04_dp04_0012pm,dp04_0012pm
acs_dp04,acs_dp04_dp04_0013e,dp04_0013e
acs_dp04,acs_dp04_dp04_0013m,dp04_0013m
acs_dp04,acs_dp04_dp04_0013pe,dp04_0013pe
acs_dp04,acs_dp04_dp04_0013pm,dp04_0013pm
acs_dp04,acs_dp04_dp04_0014e,dp04_0014e
acs_dp04,acs_dp04_dp04_0014m,dp04_0014m
acs_dp04,acs_dp04_dp04_0014pe,dp04_0014pe
acs_dp04,acs_dp04_dp04_0014pm,dp04_0014pm
acs_dp04,acs_dp04_dp04_0015e,dp04_0015e
acs_dp04,acs_dp04_dp04_0015m,dp04_0015m
acs_dp04,acs_dp04_dp04_0015pe,dp04_0015pe
acs_dp04,acs_dp04_dp04_0015pm,dp04_0015pm
acs_dp04,acs_dp04_dp04_0016e,dp04_0016e
acs_dp04,acs_dp04_dp04_0016m,dp04_0016m
acs_dp04,acs_dp04_dp04_0016pe,dp04_0016pe
acs_dp04,acs_dp04_dp04_0016pm,dp04_0016pm
acs_dp04,acs_dp04_dp04_0017e,dp04_0017e
acs_dp04,acs_dp04_dp04_0017m,dp04_0017m
acs_dp04,acs_dp04_dp04_0017pe,dp04_0017pe
acs_dp04,acs_dp04_dp04_0017pm,dp04_0017pm
acs_dp04,acs_dp04_dp04_0018e,dp04_0018e
acs_dp04,acs_dp04_dp04_0018m,dp04_0018m
acs_dp04,acs_dp04_dp04_0018pe,dp04_0018pe
acs_dp04,acs_dp04_dp04_0018pm,dp04_0018pm
acs_dp04,acs_dp04_dp04_0019e,dp04_0019e
acs_dp04,acs_dp04_dp04_0019m,dp04_0019m
acs_dp04,acs_dp04_dp04_0019pe,dp04_0019pe
acs_dp04,acs_dp04_dp04_0019pm,dp04_0019pm
acs_dp04,acs_dp04_dp04_0020e,dp04_0020e
acs_dp04,acs_dp04_dp04_0020m,dp04_0020m
acs_dp04,acs_dp04_dp04_0020pe,dp04_0020pe
acs_dp04,acs_dp04_dp04_0020pm,dp04_0020pm
acs_dp04,acs_dp04_dp04_0021e,dp04_0021e
acs_dp04,acs_dp04_dp04_0021m,dp04_0021m
acs_dp04,acs_dp04_dp04_0021pe,dp04_0021pe
acs_dp04,acs_dp04_dp04_0021pm,dp04_0021pm
acs_dp04,acs_dp04_dp04_0022e,dp04_0022e
acs_dp04,acs_dp04_dp04_0022m,dp04_0022m
acs_dp04,acs_dp04_dp04_0022pe,dp04_0022pe
acs_dp04,acs_dp04_dp04_0022pm,dp04_0022pm
acs_dp04,acs_dp04_dp04_0023e,dp04_0023e
acs_dp04,acs_dp04_dp04_0023m,dp04_0023m
acs_dp04,acs_dp04_dp04_0023pe,dp04_0023pe
acs_dp04,acs_dp04_dp04_0023pm,dp04_0023pm
acs_dp04,acs_dp04_dp04_0024e,dp04_0024e
acs_dp04,acs_dp04_dp04_0024m,dp04_0024m
acs_dp04,acs_dp04_dp04_0024pe,dp04_0024pe
acs_dp04,acs_dp04_dp04_0024pm,dp04_0024pm
acs_dp04,acs_dp04_dp04_0025e,dp04_0025e
acs_dp04,acs_dp04_dp04_0025m,dp04_0025m
acs_dp04,acs_dp04_dp04_0025pe,dp04_0025pe
acs_dp04,acs_dp04_dp04_0025pm,dp04_0025pm
acs_dp04,acs_dp04_dp04_0026e,dp04_0026e
acs_dp04,acs_dp04_dp04_0026m,dp04_0026m
acs_dp04,acs_dp04_dp04_0026pe,dp04_0026pe
acs_dp04,acs_dp04_dp04_0026pm,dp04_0026pm
acs_dp04,acs_dp04_dp04_0027e,dp04_0027e
acs_dp04,acs_dp04_dp04_0027m,dp04_0027m
acs_dp04,acs_dp04_dp04_0027pe,dp04_0027pe
acs_dp04,acs_dp04_dp04_0027pm,dp04_0027pm
acs_dp04,acs_dp04_dp04_0028e,dp04_0028e
acs_dp04,acs_dp04_dp04_0028m,dp04_0028m
acs_dp04,acs_dp04_dp04_0028pe,dp04_0028pe
acs_dp04,acs_dp04_dp04_0028pm,dp04_0028pm
acs_dp04,acs_dp04_dp04_0029e,dp04_0029e
acs_dp04,acs_dp04_dp04_0029m,dp04_0029m
acs_dp04,acs_dp04_dp04_0029pe,dp04_0029pe
acs_dp04,acs_dp04_dp04_0029pm,dp04_0029pm
acs_dp04,acs_dp04_dp04_0030e,dp04_0030e
acs_dp04,acs_dp04_dp04_0030m,dp04_0030m
acs_dp04,acs_dp04_dp04_0030pe,dp04_0030pe
acs_dp04,acs_dp04_dp04_0030pm,dp04_0030pm
acs_dp04,acs_dp04_dp04_0031e,dp04_0031e
acs_dp04,acs_dp04_dp04_0031m,dp04_0031m
acs_dp04,acs_dp04_dp04_0031pe,dp04_0031pe
acs_dp04,acs_dp04_dp04_0031pm,dp04_0031pm
acs_dp04,acs_dp04_dp04_0032e,dp04_0032e
acs_dp04,acs_dp04_dp04_0032m,dp04_0032m
acs_dp04,acs_dp04_dp04_0032pe,dp04_0032pe
acs_dp04,acs_dp04_dp04_0032pm,dp04_0032pm
acs_dp04,acs_dp04_dp04_0033e,dp04_0033e
acs_dp04,acs_dp04_dp04_0033m,dp04_0033m
acs_dp04,acs_dp04_dp04_0033pe,dp04_0033pe
acs_dp04,acs_dp04_dp04_0033pm,dp04_0033pm
acs_dp04,acs_dp04_dp04_0034e,dp04_0034e
acs_dp04,acs_dp04_dp04_0034m,dp04_0034m
acs_dp04,acs_dp04_dp04_0034pe,dp04_0034pe
acs_dp04,acs_dp04_dp04_0034pm,dp04_0034pm
acs_dp04,acs_dp04_dp04_0035e,dp04_0035e
acs_dp04,acs_dp04_dp04_0035m,dp04_0035m
acs_dp04,acs_dp04_dp04_0035pe,dp04_0035pe
acs_dp04,acs_dp04_dp04_0035pm,dp04_0035pm
acs_dp04,acs_dp04_dp04_0036e,dp04_0036e
acs_dp04,acs_dp04_dp04_0036m,dp04_0036m
acs_dp04,acs_dp04_dp04_0036pe,dp04_0036pe
acs_dp04,acs_dp04_dp04_0036pm,dp04_0036pm
acs_dp04,acs_dp04_dp04_0037e,dp04_0037e
acs_dp04,acs_dp04_dp04_0037m,dp04_0037m
acs_dp04,acs_dp04_dp04_0037pe,dp04_0037pe
acs_dp04,acs_dp04_dp04_0037pm,dp04_0037pm
acs_dp04,acs_dp04_dp04_0038e,dp04_0038e
acs_dp04,acs_dp04_dp04_0038m,dp04_0038m
acs_dp04,acs_dp04_dp04_0038pe,dp04_0038pe
acs_dp04,acs_dp04_dp04_0038pm,dp04_0038pm
acs_dp04,acs_dp04_dp04_0039e,dp04_0039e
acs_dp04,acs_dp04_dp04_0039m,dp04_0039m
acs_dp04,acs_dp04_dp04_0039pe,dp04_0039pe
acs_dp04,acs_dp04_dp04_0039pm,dp04_0039pm
acs_dp04,acs_dp04_dp04_0040e,dp04_0040e
acs_dp04,acs_dp04_dp04_0040m,dp04_0040m
acs_dp04,acs_dp04_dp04_0040pe,dp04_0040pe
acs_dp04,acs_dp04_dp04_0040pm,dp04_0040pm
acs_dp04,acs_dp04_dp04_0041e,dp04_0041e
acs_dp04,acs_dp04_dp04_0041m,dp04_0041m
acs_dp04,acs_dp04_dp04_0041pe,dp04_0041pe
acs_dp04,acs_dp04_dp04_0041pm,dp04_0041pm
acs_dp04,acs_dp04_dp04_0042e,dp04_0042e
acs_dp04,acs_dp04_dp04_0042m,dp04_0042m
acs_dp04,acs_dp04_dp04_0042pe,dp04_0042pe
acs_dp04,acs_dp04_dp04_0042pm,dp04_0042pm
acs_dp04,acs_dp04_dp04_0043e,dp04_0043e
acs_dp04,acs_dp04_dp04_0043m,dp04_0043m
acs_dp04,acs_dp04_dp04_0043pe,dp04_0043pe
acs_dp04,acs_dp04_dp04_0043pm,dp04_0043pm
acs_dp04,acs_dp04_dp04_0044e,dp04_0044e
acs_dp04,acs_dp04_dp04_0044m,dp04_0044m
acs_dp04,acs_dp04_dp04_0044pe,dp04_0044pe
acs_dp04,acs_dp04_dp04_0044pm,dp04_0044pm
acs_dp04,acs_dp04_dp04_0045e,dp04_0045e
acs_dp04,acs_dp04_dp04_0045m,dp04_0045m
acs_dp04,acs_dp04_dp04_0045pe,dp04_0045pe
acs_dp04,acs_dp04_dp04_0045pm,dp04_0045pm
acs_dp04,acs_dp04_dp04_0046e,dp04_0046e
acs_dp04,acs_dp04_dp04_0046m,dp04_0046m
acs_dp04,acs_dp04_dp04_0046pe,dp04_0046pe
acs_dp04,acs_dp04_dp04_0046pm,dp04_0046pm
acs_dp04,acs_dp04_dp04_0047e,dp04_0047e
acs_dp04,acs_dp04_dp04_0047m,dp04_0047m
acs_dp04,acs_dp04_dp04_0047pe,dp04_0047pe
acs_dp04,acs_dp04_dp04_0047pm,dp04_0047pm
acs_dp04,acs_dp04_dp04_0048e,dp04_0048e
acs_dp04,acs_dp04_dp04_0048m,dp04_0048m
acs_dp04,acs_dp04_dp04_0048pe,dp04_0048pe
acs_dp04,acs_dp04_dp04_0048pm,dp04_0048pm
acs_dp04,acs_dp04_dp04_0049e,dp04_0049e
acs_dp04,acs_dp04_dp04_0049m,dp04_0049m
acs_dp04,acs_dp04_dp04_0049pe,dp04_0049pe
acs_dp04,acs_dp04_dp04_0049pm,dp04_0049pm
acs_dp04,acs_dp04_dp04_0050e,dp04_0050e
acs_dp04,acs_dp04_dp04_0050m,dp04_0050m
acs_dp04,acs_dp04_dp04_0050pe,dp04_0050pe
acs_dp04,acs_dp04_dp04_0050pm,dp04_0050pm
acs_dp04,acs_dp04_dp04_0051e,dp04_0051e
acs_dp04,acs_dp04_dp04_0051m,dp04_0051m
acs_dp04,acs_dp04_dp04_0051pe,dp04_0051pe
acs_dp04,acs_dp04_dp04_0051pm,dp04_0051pm
acs_dp04,acs_dp04_dp04_0052e,dp04_0052e
acs_dp04,acs_dp04_dp04_0052m,dp04_0052m
acs_dp04,acs_dp04_dp04_0052pe,dp04_0052pe
acs_dp04,acs_dp04_dp04_0052pm,dp04_0052pm
acs_dp04,acs_dp04_dp04_0053e,dp04_0053e
acs_dp04,acs_dp04_dp04_0053m,dp04_0053m
acs_dp04,acs_dp04_dp04_0053pe,dp04_0053pe
acs_dp04,acs_dp04_dp04_0053pm,dp04_0053pm
acs_dp04,acs_dp04_dp04_0054e,dp04_0054e
acs_dp04,acs_dp04_dp04_0054m,dp04_0054m
acs_dp04,acs_dp04_dp04_0054pe,dp04_0054pe
acs_dp04,acs_dp04_dp04_0054pm,dp04_0054pm
acs_dp04,acs_dp04_dp04_0055e,dp04_0055e
acs_dp04,acs_dp04_dp04_0055m,dp04_0055m
acs_dp04,acs_dp04_dp04_0055pe,dp04_0055pe
acs_dp04,acs_dp04_dp04_0055pm,dp04_0055pm
acs_dp04,acs_dp04_dp04_0056e,dp04_0056e
acs_dp04,acs_dp04_dp04_0056m,dp04_0056m
acs_dp04,acs_dp04_dp04_0056pe,dp04_0056pe
acs_dp04,acs_dp04_dp04_0056pm,dp04_0056pm
acs_dp04,acs_dp04_dp04_0057e,dp04_0057e
acs_dp04,acs_dp04_dp04_0057m,dp04_0057m
acs_dp04,acs_dp04_dp04_0057pe,dp04_0057pe
acs_dp04,acs_dp04_dp04_0057pm,dp04_0057pm
acs_dp04,acs_dp04_dp04_0058e,dp04_0058e
acs_dp04,acs_dp04_dp04_0058m,dp04_0058m
acs_dp04,acs_dp04_dp04_0058pe,dp04_0058pe
acs_dp04,acs_dp04_dp04_0058pm,dp04_0058pm
acs_dp04,acs_dp04_dp04_0059e,dp04_0059e
acs_dp04,acs_dp04_dp04_0059m,dp04_0059m
acs_dp04,acs_dp04_dp04_0059pe,dp04_0059pe
acs_dp04,acs_dp04_dp04_0059pm,dp04_0059pm
acs_dp04,acs_dp04_dp04_0060e,dp04_0060e
acs_dp04,acs_dp04_dp04_0060m,dp04_0060m
acs_dp04,acs_dp04_dp04_0060pe,dp04_0060pe
acs_dp04,acs_dp04_dp04_0060pm,dp04_0060pm
acs_dp04,acs_dp04_dp04_0061e,dp04_0061e
acs_dp04,acs_dp04_dp04_0061m,dp04_0061m
acs_dp04,acs_dp04_dp04_0061pe,dp04_0061pe
acs_dp04,acs_dp04_dp04_0061pm,dp04_0061pm
acs_dp04,acs_dp04_dp04_0062e,dp04_0062e
acs_dp04,acs_dp04_dp04_0062m,dp04_0062m
acs_dp04,acs_dp04_dp04_0062pe,dp04_0062pe
acs_dp04,acs_dp04_dp04_0062pm,dp04_0062pm
acs_dp04,acs_dp04_dp04_0063e,dp04_0063e
acs_dp04,acs_dp04_dp04_0063m,dp04_0063m
acs_dp04,acs_dp04_dp04_0063pe,dp04_0063pe
acs_dp04,acs_dp04_dp04_0063pm,dp04_0063pm
acs_dp04,acs_dp04_dp04_0064e,dp04_0064e
acs_dp04,acs_dp04_dp04_0064m,dp04_0064m
acs_dp04,acs_dp04_dp04_0064pe,dp04_0064pe
acs_dp04,acs_dp04_dp04_0064pm,dp04_0064pm
acs_dp04,acs_dp04_dp04_0065e,dp04_0065e
acs_dp04,acs_dp04_dp04_0065m,dp04_0065m
acs_dp04,acs_dp04_dp04_0065pe,dp04_0065pe
acs_dp04,acs_dp04_dp04_0065pm,dp04_0065pm
acs_dp04,acs_dp04_dp04_0066e,dp04_0066e
acs_dp04,acs_dp04_dp04_0066m,dp04_0066m
acs_dp04,acs_dp04_dp04_0066pe,dp04_0066pe
acs_dp04,acs_dp04_dp04_0066pm,dp04_0066pm
acs_dp04,acs_dp04_dp04_0067e,dp04_0067e
acs_dp04,acs_dp04_dp04_0067m,dp04_0067m
acs_dp04,acs_dp04_dp04_0067pe,dp04_0067pe
acs_dp04,acs_dp04_dp04_0067pm,dp04_0067pm
acs_dp04,acs_dp04_dp04_0068e,dp04_0068e
acs_dp04,acs_dp04_dp04_0068m,dp04_0068m
acs_dp04,acs_dp04_dp04_0068pe,dp04_0068pe
acs_dp04,acs_dp04_dp04_0068pm,dp04_0068pm
acs_dp04,acs_dp04_dp04_0069e,dp04_0069e
acs_dp04,acs_dp04_dp04_0069m,dp04_0069m
acs_dp04,acs_dp04_dp04_0069pe,dp04_0069pe
acs_dp04,acs_dp04_dp04_0069pm,dp04_0069pm
acs_dp04,acs_dp04_dp04_0070e,dp04_0070e
acs_dp04,acs_dp04_dp04_0070m,dp04_0070m
acs_dp04,acs_dp04_dp04_0070pe,dp04_0070pe
acs_dp04,acs_dp04_dp04_0070pm,dp04_0070pm
acs_dp04,acs_dp04_dp04_0071e,dp04_0071e
acs_dp04,acs_dp04_dp04_0071m,dp04_0071m
acs_dp04,acs_dp04_dp04_0071pe,dp04_0071pe
acs_dp04,acs_dp04_dp04_0071pm,dp04_0071pm
acs_dp04,acs_dp04_dp04_0072e,dp04_0072e
acs_dp04,acs_dp04_dp04_0072m,dp04_0072m
acs_dp04,acs_dp04_dp04_0072pe,dp04_0072pe
acs_dp04,acs_dp04_dp04_0072pm,dp04_0072pm
acs_dp04,acs_dp04_dp04_0073e,dp04_0073e
acs_dp04,acs_dp04_dp04_0073m,dp04_0073m
acs_dp04,acs_dp04_dp04_0073pe,dp04_0073pe
acs_dp04,acs_dp04_dp04_0073pm,dp04_0073pm
acs_dp04,acs_dp04_dp04_0074e,dp04_0074e
acs_dp04,acs_dp04_dp04_0074m,dp04_0074m
acs_dp04,acs_dp04_dp04_0074pe,dp04_0074pe
acs_dp04,acs_dp04_dp04_0074pm,dp04_0074pm
acs_dp04,acs_dp04_dp04_0075e,dp04_0075e
acs_dp04,acs_dp04_dp04_0075m,dp04_0075m
acs_dp04,acs_dp04_dp04_0075pe,dp04_0075pe
acs_dp04,acs_dp04_dp04_0075pm,dp04_0075pm
acs_dp04,acs_dp04_dp04_0076e,dp04_0076e
acs_dp04,acs_dp04_dp04_0076m,dp04_0076m
acs_dp04,acs_dp04_dp04_0076pe,dp04_0076pe
acs_dp04,acs_dp04_dp04_0076pm,dp04_0076pm
acs_dp04,acs_dp04_dp04_0077e,dp04_0077e
acs_dp04,acs_dp04_dp04_0077m,dp04_0077m
acs_dp04,acs_dp04_dp04_0077pe,dp04_0077pe
acs_dp04,acs_dp04_dp04_0077pm,dp04_0077pm
acs_dp04,acs_dp04_dp04_0078e,dp04_0078e
acs_dp04,acs_dp04_dp04_0078m,dp04_0078m
acs_dp04,acs_dp04_dp04_0078pe,dp04_0078pe
acs_dp04,acs_dp04_dp04_0078pm,dp04_0078pm
acs_dp04,acs_dp04_dp04_0079e,dp04_0079e
acs_dp04,acs_dp04_dp04_0079m,dp04_0079m
acs_dp04,acs_dp04_dp04_0079pe,dp04_0079pe
acs_dp04,acs_dp04_dp04_0079pm,dp04_0079pm
acs_dp04,acs_dp04_dp04_0080e,dp04_0080e
acs_dp04,acs_dp04_dp04_0080m,dp04_0080m
acs_dp04,acs_dp04_dp04_0080pe,dp04_0080pe
acs_dp04,acs_dp04_dp04_0080pm,dp04_0080pm
acs_dp04,acs_dp04_dp04_0081e,dp04_0081e
acs_dp04,acs_dp04_dp04_0081m,dp04_0081m
acs_dp04,acs_dp04_dp04_0081pe,dp04_0081pe
acs_dp04,acs_dp04_dp04_0081pm,dp04_0081pm
acs_dp04,acs_dp04_dp04_0082e,dp04_0082e
acs_dp04,acs_dp04_dp04_0082m,dp04_0082m
acs_dp04,acs_dp04_dp04_0082pe,dp04_0082pe
acs_dp04,acs_dp04_dp04_0082pm,dp04_0082pm
acs_dp04,acs_dp04_dp04_0083e,dp04_0083e
acs_dp04,acs_dp04_dp04_0083m,dp04_0083m
acs_dp04,acs_dp04_dp04_0083pe,dp04_0083pe
acs_dp04,acs_dp04_dp04_0083pm,dp04_0083pm
acs_dp04,acs_dp04_dp04_0084e,dp04_0084e
acs_dp04,acs_dp04_dp04_0084m,dp04_0084m
acs_dp04,acs_dp04_dp04_0084pe,dp04_0084pe
acs_dp04,acs_dp04_dp04_0084pm,dp04_0084pm
acs_dp04,acs_dp04_dp04_0085e,dp04_0085e
acs_dp04,acs_dp04_dp04_0085m,dp04_0085m
acs_dp04,acs_dp04_dp04_0085pe,dp04_0085pe
acs_dp04,acs_dp04_dp04_0085pm,dp04_0085pm
acs_dp04,acs_dp04_dp04_0086e,dp04_0086e
acs_dp04,acs_dp04_dp04_0086m,dp04_0086m
acs_dp04,acs_dp04_dp04_0086pe,dp04_0086pe
acs_dp04,acs_dp04_dp04_0086pm,dp04_0086pm
acs_dp04,acs_dp04_dp04_0087e,dp04_0087e
acs_dp04,acs_dp04_dp04_0087m,dp04_0087m
acs_dp04,acs_dp04_dp04_0087pe,dp04_0087pe
acs_dp04,acs_dp04_dp04_0087pm,dp04_0087pm
acs_dp04,acs_dp04_dp04_0088e,dp04_0088e
acs_dp04,acs_dp04_dp04_0088m,dp04_0088m
acs_dp04,acs_dp04_dp04_0088pe,dp04_0088pe
acs_dp04,acs_dp04_dp04_0088pm,dp04_0088pm
acs_dp04,acs_dp04_dp04_0089e,dp04_0089e
acs_dp04,acs_dp04_dp04_0089m,dp04_0089m
acs_dp04,acs_dp04_dp04_0089pe,dp04_0089pe
acs_dp04,acs_dp04_dp04_0089pm,dp04_0089pm
acs_dp04,acs_dp04_dp04_0090e,dp04_0090e
acs_dp04,acs_dp04_dp04_0090m,dp04_0090m
acs_dp04,acs_dp04_dp04_0090pe,dp04_0090pe
acs_dp04,acs_dp04_dp04_0090pm,dp04_0090pm
acs_dp04,acs_dp04_dp04_0091e,dp04_0091e
acs_dp04,acs_dp04_dp04_0091m,dp04_0091m
acs_dp04,acs_dp04_dp04_0091pe,dp04_0091pe
acs_dp04,acs_dp04_dp04_0091pm,dp04_0091pm
acs_dp04,acs_dp04_dp04_0092e,dp04_0092e
acs_dp04,acs_dp04_dp04_0092m,dp04_0092m
acs_dp04,acs_dp04_dp04_0092pe,dp04_0092pe
acs_dp04,acs_dp04_dp04_0092pm,dp04_0092pm
acs_dp04,acs_dp04_dp04_0093e,dp04_0093e
acs_dp04,acs_dp04_dp04_0093m,dp04_0093m
acs_dp04,acs_dp04_dp04_0093pe,dp04_0093pe
acs_dp04,acs_dp04_dp04_0093pm,dp04_0093pm
acs_dp04,acs_dp04_dp04_0094e,dp04_0094e
acs_dp04,acs_dp04_dp04_0094m,dp04_0094m
acs_dp04,acs_dp04_dp04_0094pe,dp04_0094pe
acs_dp04,acs_dp04_dp04_0094pm,dp04_0094pm
acs_dp04,acs_dp04_dp04_0095e,dp04_0095e
acs_dp04,acs_dp04_dp04_0095m,dp04_0095m
acs_dp04,acs_dp04_dp04_0095pe,dp04_0095pe
acs_dp04,acs_dp04_dp04_0095pm,dp04_0095pm
acs_dp04,acs_dp04_dp04_0096e,dp04_0096e
acs_dp04,acs_dp04_dp04_0096m,dp04_0096m
acs_dp04,acs_dp04_dp04_0096pe,dp04_0096pe
acs_dp04,acs_dp04_dp04_0096pm,dp04_0096pm
acs_dp04,acs_dp04_dp04_0097e,dp04_0097e
acs_dp04,acs_dp04_dp04_0097m,dp04_0097m
acs_dp04,acs_dp04_dp04_0097pe,dp04_0097pe
acs_dp04,acs_dp04_dp04_0097pm,dp04_0097pm
acs_dp04,acs_dp04_dp04_0098e,dp04_0098e
acs_dp04,acs_dp04_dp04_0098m,dp04_0098m
acs_dp04,acs_dp04_dp04_0098pe,dp04_0098pe
acs_dp04,acs_dp04_dp04_0098pm,dp04_0098pm
acs_dp04,acs_dp04_dp04_0099e,dp04_0099e
acs_dp04,acs_dp04_dp04_0099m,dp04_0099m
acs_dp04,acs_dp04_dp04_0099pe,dp04_0099pe
acs_dp04,acs_dp04_dp04_0099pm,dp04_0099pm
acs_dp04,acs_dp04_dp04_0100e,dp04_0100e
acs_dp04,acs_dp04_dp04_0100m,dp04_0100m
acs_dp04,acs_dp04_dp04_0100pe,dp04_0100pe
acs_dp04,acs_dp04_dp04_0100pm,dp04_0100pm
acs_dp04,acs_dp04_dp04_0101e,dp04_0101e
acs_dp04,acs_dp04_dp04_0101m,dp04_0101m
acs_dp04,acs_dp04_dp04_0101pe,dp04_0101pe
acs_dp04,acs_dp04_dp04_0101pm,dp04_0101pm
acs_dp04,acs_dp04_dp04_0102e,dp04_0102e
acs_dp04,acs_dp04_dp04_0102m,dp04_0102m
acs_dp04,acs_dp04_dp04_0102pe,dp04_0102pe
acs_dp04,acs_dp04_dp04_0102pm,dp04_0102pm
acs_dp04,acs_dp04_dp04_0103e,dp04_0103e
acs_dp04,acs_dp04_dp04_0103m,dp04_0103m
acs_dp04,acs_dp04_dp04_0103pe,dp04_0103pe
acs_dp04,acs_dp04_dp04_0103pm,dp04_0103pm
acs_dp04,acs_dp04_dp04_0104e,dp04_0104e
acs_dp04,acs_dp04_dp04_0104m,dp04_0104m
acs_dp04,acs_dp04_dp04_0104pe,dp04_0104pe
acs_dp04,acs_dp04_dp04_0104pm,dp04_0104pm
acs_dp04,acs_dp04_dp04_0105e,dp04_0105e
acs_dp04,acs_dp04_dp04_0105m,dp04_0105m
acs_dp04,acs_dp04_dp04_0105pe,dp04_0105pe
acs_dp04,acs_dp04_dp04_0105pm,dp04_0105pm
acs_dp04,acs_dp04_dp04_0106e,dp04_0106e
acs_dp04,acs_dp04_dp04_0106m,dp04_0106m
acs_dp04,acs_dp04_dp04_0106pe,dp04_0106pe
acs_dp04,acs_dp04_dp04_0106pm,dp04_0106pm
acs_dp04,acs_dp04_dp04_0107e,dp04_0107e
acs_dp04,acs_dp04_dp04_0107m,dp04_0107m
acs_dp04,acs_dp04_dp04_0107pe,dp04_0107pe
acs_dp04,acs_dp04_dp04_0107pm,dp04_0107pm
acs_dp04,acs_dp04_dp04_0108e,dp04_0108e
acs_dp04,acs_dp04_dp04_0108m,dp04_0108m
acs_dp04,acs_dp04_dp04_0108pe,dp04_0108pe
acs_dp04,acs_dp04_dp04_0108pm,dp04_0108pm
acs_dp04,acs_dp04_dp04_0109e,dp04_0109e
acs_dp04,acs_dp04_dp04_0109m,dp04_0109m
acs_dp04,acs_dp04_dp04_0109pe,dp04_0109pe
acs_dp04,acs_dp04_dp04_0109pm,dp04_0109pm
acs_dp04,acs_dp04_dp04_0110e,dp04_0110e
acs_dp04,acs_dp04_dp04_0110m,dp04_0110m
acs_dp04,acs_dp04_dp04_0110pe,dp04_0110pe
acs_dp04,acs_dp04_dp04_0110pm,dp04_0110pm
acs_dp04,acs_dp04_dp04_0111e,dp04_0111e
acs_dp04,acs_dp04_dp04_0111m,dp04_0111m
acs_dp04,acs_dp04_dp04_0111pe,dp04_0111pe
acs_dp04,acs_dp04_dp04_0111pm,dp04_0111pm
acs_dp04,acs_dp04_dp04_0112e,dp04_0112e
acs_dp04,acs_dp04_dp04_0112m,dp04_0112m
acs_dp04,acs_dp04_dp04_0112pe,dp04_0112pe
acs_dp04,acs_dp04_dp04_0112pm,dp04_0112pm
acs_dp04,acs_dp04_dp04_0113e,dp04_0113e
acs_dp04,acs_dp04_dp04_0113m,dp04_0113m
acs_dp04,acs_dp04_dp04_0113pe,dp04_0113pe
acs_dp04,acs_dp04_dp04_0113pm,dp04_0113pm
acs_dp04,acs_dp04_dp04_0114e,dp04_0114e
acs_dp04,acs_dp04_dp04_0114m,dp04_0114m
acs_dp04,acs_dp04_dp04_0114pe,dp04_0114pe
acs_dp04,acs_dp04_dp04_0114pm,dp04_0114pm
acs_dp04,acs_dp04_dp04_0115e,dp04_0115e
acs_dp04,acs_dp04_dp04_0115m,dp04_0115m
acs_dp04,acs_dp04_dp04_0115pe,dp04_0115pe
acs_dp04,acs_dp04_dp04_0115pm,dp04_0115pm
acs_dp04,acs_dp04_dp04_0116e,dp04_0116e
acs_dp04,acs_dp04_dp04_0116m,dp04_0116m
acs_dp04,acs_dp04_dp04_0116pe,dp04_0116pe
acs_dp04,acs_dp04_dp04_0116pm,dp04_0116pm
acs_dp04,acs_dp04_dp04_0117e,dp04_0117e
acs_dp04,acs_dp04_dp04_0117m,dp04_0117m
acs_dp04,acs_dp04_dp04_0117pe,dp04_0117pe
acs_dp04,acs_dp04_dp04_0117pm,dp04_0117pm
acs_dp04,acs_dp04_dp04_0118e,dp04_0118e
acs_dp04,acs_dp04_dp04_0118m,dp04_0118m
acs_dp04,acs_dp04_dp04_0118pe,dp04_0118pe
acs_dp04,acs_dp04_dp04_0118pm,dp04_0118pm
acs_dp04,acs_dp04_dp04_0119e,dp04_0119e
acs_dp04,acs_dp04_dp04_0119m,dp04_0119m
acs_dp04,acs_dp04_dp04_0119pe,dp04_0119pe
acs_dp04,acs_dp04_dp04_0119pm,dp04_0119pm
acs_dp04,acs_dp04_dp04_0120e,dp04_0120e
acs_dp04,acs_dp04_dp04_0120m,dp04_0120m
acs_dp04,acs_dp04_dp04_0120pe,dp04_0120pe
acs_dp04,acs_dp04_dp04_0120pm,dp04_0120pm
acs_dp04,acs_dp04_dp04_0121e,dp04_0121e
acs_dp04,acs_dp04_dp04_0121m,dp04_0121m
acs_dp04,acs_dp04_dp04_0121pe,dp04_0121pe
acs_dp04,acs_dp04_dp04_0121pm,dp04_0121pm
acs_dp04,acs_dp04_dp04_0122e,dp04_0122e
acs_dp04,acs_dp04_dp04_0122m,dp04_0122m
acs_dp04,acs_dp04_dp04_0122pe,dp04_0122pe
acs_dp04,acs_dp04_dp04_0122pm,dp04_0122pm
acs_dp04,acs_dp04_dp04_0123e,dp04_0123e
acs_dp04,acs_dp04_dp04_0123m,dp04_0123m
acs_dp04,acs_dp04_dp04_0123pe,dp04_0123pe
acs_dp04,acs_dp04_dp04_0123pm,dp04_0123pm
acs_dp04,acs_dp04_dp04_0124e,dp04_0124e
acs_dp04,acs_dp04_dp04_0124m,dp04_0124m
acs_dp04,acs_dp04_dp04_0124pe,dp04_0124pe
acs_dp04,acs_dp04_dp04_0124pm,dp04_0124pm
acs_dp04,acs_dp04_dp04_0125e,dp04_0125e
acs_dp04,acs_dp04_dp04_0125m,dp04_0125m
acs_dp04,acs_dp04_dp04_0125pe,dp04_0125pe
acs_dp04,acs_dp04_dp04_0125pm,dp04_0125pm
acs_dp04,acs_dp04_dp04_0126e,dp04_0126e
acs_dp04,acs_dp04_dp04_0126m,dp04_0126m
acs_dp04,acs_dp04_dp04_0126pe,dp04_0126pe
acs_dp04,acs_dp04_dp04_0126pm,dp04_0126pm
acs_dp04,acs_dp04_dp04_0127e,dp04_0127e
acs_dp04,acs_dp04_dp04_0127m,dp04_0127m
acs_dp04,acs_dp04_dp04_0127pe,dp04_0127pe
acs_dp04,acs_dp04_dp04_0127pm,dp04_0127pm
acs_dp04,acs_dp04_dp04_0128e,dp04_0128e
acs_dp04,acs_dp04_dp04_0128m,dp04_0128m
acs_dp04,acs_dp04_dp04_0128pe,dp04_0128pe
acs_dp04,acs_dp04_dp04_0128pm,dp04_0128pm
acs_dp04,acs_dp04_dp04_0129e,dp04_0129e
acs_dp04,acs_dp04_dp04_0129m,dp04_0129m
acs_dp04,acs_dp04_dp04_0129pe,dp04_0129pe
acs_dp04,acs_dp04_dp04_0129pm,dp04_0129pm
acs_dp04,acs_dp04_dp04_0130e,dp04_0130e
acs_dp04,acs_dp04_dp04_0130m,dp04_0130m
acs_dp04,acs_dp04_dp04_0130pe,dp04_0130pe
acs_dp04,acs_dp04_dp04_0130pm,dp04_0130pm
acs_dp04,acs_dp04_dp04_0131e,dp04_0131e
acs_dp04,acs_dp04_dp04_0131m,dp04_0131m
acs_dp04,acs_dp04_dp04_0131pe,dp04_0131pe
acs_dp04,acs_dp04_dp04_0131pm,dp04_0131pm
acs_dp04,acs_dp04_dp04_0132e,dp04_0132e
acs_dp04,acs_dp04_dp04_0132m,dp04_0132m
acs_dp04,acs_dp04_dp04_0132pe,dp04_0132pe
acs_dp04,acs_dp04_dp04_0132pm,dp04_0132pm
acs_dp04,acs_dp04_dp04_0133e,dp04_0133e
acs_dp04,acs_dp04_dp04_0133m,dp04_0133m
acs_dp04,acs_dp04_dp04_0133pe,dp04_0133pe
acs_dp04,acs_dp04_dp04_0133pm,dp04_0133pm
acs_dp04,acs_dp04_dp04_0134e,dp04_0134e
acs_dp04,acs_dp04_dp04_0134m,dp04_0134m
acs_dp04,acs_dp04_dp04_0134pe,dp04_0134pe
acs_dp04,acs_dp04_dp04_0134pm,dp04_0134pm
acs_dp04,acs_dp04_dp04_0135e,dp04_0135e
acs_dp04,acs_dp04_dp04_0135m,dp04_0135m
acs_dp04,acs_dp04_dp04_0135pe,dp04_0135pe
acs_dp04,acs_dp04_dp04_0135pm,dp04_0135pm
acs_dp04,acs_dp04_dp04_0136e,dp04_0136e
acs_dp04,acs_dp04_dp04_0136m,dp04_0136m
acs_dp04,acs_dp04_dp04_0136pe,dp04_0136pe
acs_dp04,acs_dp04_dp04_0136pm,dp04_0136pm
acs_dp04,acs_dp04_dp04_0137e,dp04_0137e
acs_dp04,acs_dp04_dp04_0137m,dp04_0137m
acs_dp04,acs_dp04_dp04_0137pe,dp04_0137pe
acs_dp04,acs_dp04_dp04_0137pm,dp04_0137pm
acs_dp04,acs_dp04_dp04_0138e,dp04_0138e
acs_dp04,acs_dp04_dp04_0138m,dp04_0138m
acs_dp04,acs_dp04_dp04_0138pe,dp04_0138pe
acs_dp04,acs_dp04_dp04_0138pm,dp04_0138pm
acs_dp04,acs_dp04_dp04_0139e,dp04_0139e
acs_dp04,acs_dp04_dp04_0139m,dp04_0139m
acs_dp04,acs_dp04_dp04_0139pe,dp04_0139pe
acs_dp04,acs_dp04_dp04_0139pm,dp04_0139pm
acs_dp04,acs_dp04_dp04_0140e,dp04_0140e
acs_dp04,acs_dp04_dp04_0140m,dp04_0140m
acs_dp04,acs_dp04_dp04_0140pe,dp04_0140pe
acs_dp04,acs_dp04_dp04_0140pm,dp04_0140pm
acs_dp04,acs_dp04_dp04_0141e,dp04_0141e
acs_dp04,acs_dp04_dp04_0141m,dp04_0141m
acs_dp04,acs_dp04_dp04_0141pe,dp04_0141pe
acs_dp04,acs_dp04_dp04_0141pm,dp04_0141pm
acs_dp04,acs_dp04_dp04_0142e,dp04_0142e
acs_dp04,acs_dp04_dp04_0142m,dp04_0142m
acs_dp04,acs_dp04_dp04_0142pe,dp04_0142pe
acs_dp04,acs_dp04_dp04_0142pm,dp04_0142pm
acs_dp04,acs_dp04_dp04_0143e,dp04_0143e
acs_dp04,acs_dp04_dp04_0143m,dp04_0143m
acs_dp04,acs_dp04_dp04_0143pe,dp04_0143pe
acs_dp04,acs_dp04_dp04_0143pm,dp04_0143pm
acs_dp05,acs_dp05_dp05_0001e,dp05_0001e
acs_dp05,acs_dp05_dp05_0001m,dp05_0001m
acs_dp05,acs_dp05_dp05_0001pe,dp05_0001pe
acs_dp05,acs_dp05_dp05_0001pm,dp05_0001pm
acs_dp05,acs_dp05_dp05_0002e,dp05_0002e
acs_dp05,acs_dp05_dp05_0002m,dp05_0002m
acs_dp05,acs_dp05_dp05_0002pe,dp05_0002pe
acs_dp05,acs_dp05_dp05_0002pm,dp05_0002pm
acs_dp05,acs_dp05_dp05_0003e,dp05_0003e
acs_dp05,acs_dp05_dp05_0003m,dp05_0003m
acs_dp05,acs_dp05_dp05_0003pe,dp05_0003pe
acs_dp05,acs_dp05_dp05_0003pm,dp05_0003pm
acs_dp05,acs_dp05_dp05_0004e,dp05_0004e
acs_dp05,acs_dp05_dp05_0004m,dp05_0004m
acs_dp05,acs_dp05_dp05_0004pe,dp05_0004pe
acs_dp05,acs_dp05_dp05_0004pm,dp05_0004pm
acs_dp05,acs_dp05_dp05_0005e,dp05_0005e
acs_dp05,acs_dp05_dp05_0005m,dp05_0005m
acs_dp05,acs_dp05_dp05_0005pe,dp05_0005pe
acs_dp05,acs_dp05_dp05_0005pm,dp05_0005pm
acs_dp05,acs_dp05_dp05_0006e,dp05_0006e
acs_dp05,acs_dp05_dp05_0006m,dp05_0006m
acs_dp05,acs_dp05_dp05_0006pe,dp05_0006pe
acs_dp05,acs_dp05_dp05_0006pm,dp05_0006pm
acs_dp05,acs_dp05_dp05_0007e,dp05_0007e
acs_dp05,acs_dp05_dp05_0007m,dp05_0007m
acs_dp05,acs_dp05_dp05_0007pe,dp05_0007pe
acs_dp05,acs_dp05_dp05_0007pm,dp05_0007pm
acs_dp05,acs_dp05_dp05_0008e,dp05_0008e
acs_dp05,acs_dp05_dp05_0008m,dp05_0008m
acs_dp05,acs_dp05_dp05_0008pe,dp05_0008pe
acs_dp05,acs_dp05_dp05_0008pm,dp05_0008pm
acs_dp05,acs_dp05_dp05_0009e,dp05_0009e
acs_dp05,acs_dp05_dp05_0009m,dp05_0009m
acs_dp05,acs_dp05_dp05_0009pe,dp05_0009pe
acs_dp05,acs_dp05_dp05_0009pm,dp05_0009pm
acs_dp05,acs_dp05_dp05_0010e,dp05_0010e
acs_dp05,acs_dp05_dp05_0010m,dp05_0010m
acs_dp05,acs_dp05_dp05_0010pe,dp05_0010pe
acs_dp05,acs_dp05_dp05_0010pm,dp05_0010pm
acs_dp05,acs_dp05_dp05_0011e,dp05_0011e
acs_dp05,acs_dp05_dp05_0011m,dp05_0011m
acs_dp05,acs_dp05_dp05_0011pe,dp05_0011pe
acs_dp05,acs_dp05_dp05_0011pm,dp05_0011pm
acs_dp05,acs_dp05_dp05_0012e,dp05_0012e
acs_dp05,acs_dp05_dp05_0012m,dp05_0012m
acs_dp05,acs_dp05_dp05_0012pe,dp05_0012pe
acs_dp05,acs_dp05_dp05_0012pm,dp05_0012pm
acs_dp05,acs_dp05_dp05_0013e,dp05_0013e
acs_dp05,acs_dp05_dp05_0013m,dp05_0013m
acs_dp05,acs_dp05_dp05_0013pe,dp05_0013pe
acs_dp05,acs_dp05_dp05_0013pm,dp05_0013pm
acs_dp05,acs_dp05_dp05_0014e,dp05_0014e
acs_dp05,acs_dp05_dp05_0014m,dp05_0014m
acs_dp05,acs_dp05_dp05_0014pe,dp05_0014pe
acs_dp05,acs_dp05_dp05_0014pm,dp05_0014pm
acs_dp05,acs_dp05_dp05_0015e,dp05_0015e
acs_dp05,acs_dp05_dp05_0015m,dp05_0015m
acs_dp05,acs_dp05_dp05_0015pe,dp05_0015pe
acs_dp05,acs_dp05_dp05_0015pm,dp05_0015pm
acs_dp05,acs_dp05_dp05_0016e,dp05_0016e
acs_dp05,acs_dp05_dp05_0016m,dp05_0016m
acs_dp05,acs_dp05_dp05_0016pe,dp05_0016pe
acs_dp05,acs_dp05_dp05_0016pm,dp05_0016pm
acs_dp05,acs_dp05_dp05_0017e,dp05_0017e
acs_dp05,acs_dp05_dp05_0017m,dp05_0017m
acs_dp05,acs_dp05_dp05_0017pe,dp05_0017pe
acs_dp05,acs_dp05_dp05_0017pm,dp05_0017pm
acs_dp05,acs_dp05_dp05_0018e,dp05_0018e
acs_dp05,acs_dp05_dp05_0018m,dp05_0018m
acs_dp05,acs_dp05_dp05_0018pe,dp05_0018pe
acs_dp05,acs_dp05_dp05_0018pm,dp05_0018pm
acs_dp05,acs_dp05_dp05_0019e,dp05_0019e
acs_dp05,acs_dp05_dp05_0019m,dp05_0019m
acs_dp05,acs_dp05_dp05_0019pe,dp05_0019pe
acs_dp05,acs_dp05_dp05_0019pm,dp05_0019pm
acs_dp05,acs_dp05_dp05_0020e,dp05_0020e
acs_dp05,acs_dp05_dp05_0020m,dp05_0020m
acs_dp05,acs_dp05_dp05_0020pe,dp05_0020pe
acs_dp05,acs_dp05_dp05_0020pm,dp05_0020pm
acs_dp05,acs_dp05_dp05_0021e,dp05_0021e
acs_dp05,acs_dp05_dp05_0021m,dp05_0021m
acs_dp05,acs_dp05_dp05_0021pe,dp05_0021pe
acs_dp05,acs_dp05_dp05_0021pm,dp05_0021pm
acs_dp05,acs_dp05_dp05_0022e,dp05_0022e
acs_dp05,acs_dp05_dp05_0022m,dp05_0022m
acs_dp05,acs_dp05_dp05_0022pe,dp05_0022pe
acs_dp05,acs_dp05_dp05_0022pm,dp05_0022pm
acs_dp05,acs_dp05_dp05_0023e,dp05_0023e
acs_dp05,acs_dp05_dp05_0023m,dp05_0023m
acs_dp05,acs_dp05_dp05_0023pe,dp05_0023pe
acs_dp05,acs_dp05_dp05_0023pm,dp05_0023pm
acs_dp05,acs_dp05_dp05_0024e,dp05_0024e
acs_dp05,acs_dp05_dp05_0024m,dp05_0024m
acs_dp05,acs_dp05_dp05_0024pe,dp05_0024pe
acs_dp05,acs_dp05_dp05_0024pm,dp05_0024pm
acs_dp05,acs_dp05_dp05_0025e,dp05_0025e
acs_dp05,acs_dp05_dp05_0025m,dp05_0025m
acs_dp05,acs_dp05_dp05_0025pe,dp05_0025pe
acs_dp05,acs_dp05_dp05_0025pm,dp05_0025pm
acs_dp05,acs_dp05_dp05_0026e,dp05_0026e
acs_dp05,acs_dp05_dp05_0026m,dp05_0026m
acs_dp05,acs_dp05_dp05_0026pe,dp05_0026pe
acs_dp05,acs_dp05_dp05_0026pm,dp05_0026pm
acs_dp05,acs_dp05_dp05_0027e,dp05_0027e
acs_dp05,acs_dp05_dp05_0027m,dp05_0027m
acs_dp05,acs_dp05_dp05_0027pe,dp05_0027pe
acs_dp05,acs_dp05_dp05_0027pm,dp05_0027pm
acs_dp05,acs_dp05_dp05_0028e,dp05_0028e
acs_dp05,acs_dp05_dp05_0028m,dp05_0028m
acs_dp05,acs_dp05_dp05_0028pe,dp05_0028pe
acs_dp05,acs_dp05_dp05_0028pm,dp05_0028pm
acs_dp05,acs_dp05_dp05_0029e,dp05_0029e
acs_dp05,acs_dp05_dp05_0029m,dp05_0029m
acs_dp05,acs_dp05_dp05_0029pe,dp05_0029pe
acs_dp05,acs_dp05_dp05_0029pm,dp05_0029pm
acs_dp05,acs_dp05_dp05_0030e,dp05_0030e
acs_dp05,acs_dp05_dp05_0030m,dp05_0030m
acs_dp05,acs_dp05_dp05_0030pe,dp05_0030pe
acs_dp05,acs_dp05_dp05_0030pm,dp05_0030pm
acs_dp05,acs_dp05_dp05_0031e,dp05_0031e
acs_dp05,acs_dp05_dp05_0031m,dp05_0031m
acs_dp05,acs_dp05_dp05_0031pe,dp05_0031pe
acs_dp05,acs_dp05_dp05_0031pm,dp05_0031pm
acs_dp05,acs_dp05_dp05_0032e,dp05_0032e
acs_dp05,acs_dp05_dp05_0032m,dp05_0032m
acs_dp05,acs_dp05_dp05_0032pe,dp05_0032pe
acs_dp05,acs_dp05_dp05_0032pm,dp05_0032pm
acs_dp05,acs_dp05_dp05_0033e,dp05_0033e
acs_dp05,acs_dp05_dp05_0033m,dp05_0033m
acs_dp05,acs_dp05_dp05_0033pe,dp05_0033pe
acs_dp05,acs_dp05_dp05_0033pm,dp05_0033pm
acs_dp05,acs_dp05_dp05_0034e,dp05_0034e
acs_dp05,acs_dp05_dp05_0034m,dp05_0034m
acs_dp05,acs_dp05_dp05_0034pe,dp05_0034pe
acs_dp05,acs_dp05_dp05_0034pm,dp05_0034pm
acs_dp05,acs_dp05_dp05_0035e,dp05_0035e
acs_dp05,acs_dp05_dp05_0035m,dp05_0035m
acs_dp05,acs_dp05_dp05_0035pe,dp05_0035pe
acs_dp05,acs_dp05_dp05_0035pm,dp05_0035pm
acs_dp05,acs_dp05_dp05_0036e,dp05_0036e
acs_dp05,acs_dp05_dp05_0036m,dp05_0036m
acs_dp05,acs_dp05_dp05_0036pe,dp05_0036pe
acs_dp05,acs_dp05_dp05_0036pm,dp05_0036pm
acs_dp05,acs_dp05_dp05_0037e,dp05_0037e
acs_dp05,acs_dp05_dp05_0037m,dp05_0037m
acs_dp05,acs_dp05_dp05_0037pe,dp05_0037pe
acs_dp05,acs_dp05_dp05_0037pm,dp05_0037pm
acs_dp05,acs_dp05_dp05_0038e,dp05_0038e
acs_dp05,acs_dp05_dp05_0038m,dp05_0038m
acs_dp05,acs_dp05_dp05_0038pe,dp05_0038pe
acs_dp05,acs_dp05_dp05_0038pm,dp05_0038pm
acs_dp05,acs_dp05_dp05_0039e,dp05_0039e
acs_dp05,acs_dp05_dp05_0039m,dp05_0039m
acs_dp05,acs_dp05_dp05_0039pe,dp05_0039pe
acs_dp05,acs_dp05_dp05_0039pm,dp05_0039pm
acs_dp05,acs_dp05_dp05_0040e,dp05_0040e
acs_dp05,acs_dp05_dp05_0040m,dp05_0040m
acs_dp05,acs_dp05_dp05_0040pe,dp05_0040pe
acs_dp05,acs_dp05_dp05_0040pm,dp05_0040pm
acs_dp05,acs_dp05_dp05_0041e,dp05_0041e
acs_dp05,acs_dp05_dp05_0041m,dp05_0041m
acs_dp05,acs_dp05_dp05_0041pe,dp05_0041pe
acs_dp05,acs_dp05_dp05_0041pm,dp05_0041pm
acs_dp05,acs_dp05_dp05_0042e,dp05_0042e
acs_dp05,acs_dp05_dp05_0042m,dp05_0042m
acs_dp05,acs_dp05_dp05_0042pe,dp05_0042pe
acs_dp05,acs_dp05_dp05_0042pm,dp05_0042pm
acs_dp05,acs_dp05_dp05_0043e,dp05_0043e
acs_dp05,acs_dp05_dp05_0043m,dp05_0043m
acs_dp05,acs_dp05_dp05_0043pe,dp05_0043pe
acs_dp05,acs_dp05_dp05_0043pm,dp05_0043pm
acs_dp05,acs_dp05_dp05_0044e,dp05_0044e
acs_dp05,acs_dp05_dp05_0044m,dp05_0044m
acs_dp05,acs_dp05_dp05_0044pe,dp05_0044pe
acs_dp05,acs_dp05_dp05_0044pm,dp05_0044pm
acs_dp05,acs_dp05_dp05_0045e,dp05_0045e
acs_dp05,acs_dp05_dp05_0045m,dp05_0045m
acs_dp05,acs_dp05_dp05_0045pe,dp05_0045pe
acs_dp05,acs_dp05_dp05_0045pm,dp05_0045pm
acs_dp05,acs_dp05_dp05_0046e,dp05_0046e
acs_dp05,acs_dp05_dp05_0046m,dp05_0046m
acs_dp05,acs_dp05_dp05_0046pe,dp05_0046pe
acs_dp05,acs_dp05_dp05_0046pm,dp05_0046pm
acs_dp05,acs_dp05_dp05_0047e,dp05_0047e
acs_dp05,acs_dp05_dp05_0047m,dp05_0047m
acs_dp05,acs_dp05_dp05_0047pe,dp05_0047pe
acs_dp05,acs_dp05_dp05_0047pm,dp05_0047pm
acs_dp05,acs_dp05_dp05_0048e,dp05_0048e
acs_dp05,acs_dp05_dp05_0048m,dp05_0048m
acs_dp05,acs_dp05_dp05_0048pe,dp05_0048pe
acs_dp05,acs_dp05_dp05_0048pm,dp05_0048pm
acs_dp05,acs_dp05_dp05_0049e,dp05_0049e
acs_dp05,acs_dp05_dp05_0049m,dp05_0049m
acs_dp05,acs_dp05_dp05_0049pe,dp05_0049pe
acs_dp05,acs_dp05_dp05_0049pm,dp05_0049pm
acs_dp05,acs_dp05_dp05_0050e,dp05_0050e
acs_dp05,acs_dp05_dp05_0050m,dp05_0050m
acs_dp05,acs_dp05_dp05_0050pe,dp05_0050pe
acs_dp05,acs_dp05_dp05_0050pm,dp05_0050pm
acs_dp05,acs_dp05_dp05_0051e,dp05_0051e
acs_dp05,acs_dp05_dp05_0051m,dp05_0051m
acs_dp05,acs_dp05_dp05_0051pe,dp05_0051pe
acs_dp05,acs_dp05_dp05_0051pm,dp05_0051pm
acs_dp05,acs_dp05_dp05_0052e,dp05_0052e
acs_dp05,acs_dp05_dp05_0052m,dp05_0052m
acs_dp05,acs_dp05_dp05_0052pe,dp05_0052pe
acs_dp05,acs_dp05_dp05_0052pm,dp05_0052pm
acs_dp05,acs_dp05_dp05_0053e,dp05_0053e
acs_dp05,acs_dp05_dp05_0053m,dp05_0053m
acs_dp05,acs_dp05_dp05_0053pe,dp05_0053pe
acs_dp05,acs_dp05_dp05_0053pm,dp05_0053pm
acs_dp05,acs_dp05_dp05_0054e,dp05_0054e
acs_dp05,acs_dp05_dp05_0054m,dp05_0054m
acs_dp05,acs_dp05_dp05_0054pe,dp05_0054pe
acs_dp05,acs_dp05_dp05_0054pm,dp05_0054pm
acs_dp05,acs_dp05_dp05_0055e,dp05_0055e
acs_dp05,acs_dp05_dp05_0055m,dp05_0055m
acs_dp05,acs_dp05_dp05_0055pe,dp05_0055pe
acs_dp05,acs_dp05_dp05_0055pm,dp05_0055pm
acs_dp05,acs_dp05_dp05_0056e,dp05_0056e
acs_dp05,acs_dp05_dp05_0056m,dp05_0056m
acs_dp05,acs_dp05_dp05_0056pe,dp05_0056pe
acs_dp05,acs_dp05_dp05_0056pm,dp05_0056pm
acs_dp05,acs_dp05_dp05_0057e,dp05_0057e
acs_dp05,acs_dp05_dp05_0057m,dp05_0057m
acs_dp05,acs_dp05_dp05_0057pe,dp05_0057pe
acs_dp05,acs_dp05_dp05_0057pm,dp05_0057pm
acs_dp05,acs_dp05_dp05_0058e,dp05_0058e
acs_dp05,acs_dp05_dp05_0058m,dp05_0058m
acs_dp05,acs_dp05_dp05_0058pe,dp05_0058pe
acs_dp05,acs_dp05_dp05_0058pm,dp05_0058pm
acs_dp05,acs_dp05_dp05_0059e,dp05_0059e
acs_dp05,acs_dp05_dp05_0059m,dp05_0059m
acs_dp05,acs_dp05_dp05_0059pe,dp05_0059pe
acs_dp05,acs_dp05_dp05_0059pm,dp05_0059pm
acs_dp05,acs_dp05_dp05_0060e,dp05_0060e
acs_dp05,acs_dp05_dp05_0060m,dp05_0060m
acs_dp05,acs_dp05_dp05_0060pe,dp05_0060pe
acs_dp05,acs_dp05_dp05_0060pm,dp05_0060pm
acs_dp05,acs_dp05_dp05_0061e,dp05_0061e
acs_dp05,acs_dp05_dp05_0061m,dp05_0061m
acs_dp05,acs_dp05_dp05_0061pe,dp05_0061pe
acs_dp05,acs_dp05_dp05_0061pm,dp05_0061pm
acs_dp05,acs_dp05_dp05_0062e,dp05_0062e
acs_dp05,acs_dp05_dp05_0062m,dp05_0062m
acs_dp05,acs_dp05_dp05_0062pe,dp05_0062pe
acs_dp05,acs_dp05_dp05_0062pm,dp05_0062pm
acs_dp05,acs_dp05_dp05_0063e,dp05_0063e
acs_dp05,acs_dp05_dp05_0063m,dp05_0063m
acs_dp05,acs_dp05_dp05_0063pe,dp05_0063pe
acs_dp05,acs_dp05_dp05_0063pm,dp05_0063pm
acs_dp05,acs_dp05_dp05_0064e,dp05_0064e
acs_dp05,acs_dp05_dp05_0064m,dp05_0064m
acs_dp05,acs_dp05_dp05_0064pe,dp05_0064pe
acs_dp05,acs_dp05_dp05_0064pm,dp05_0064pm
acs_dp05,acs_dp05_dp05_0065e,dp05_0065e
acs_dp05,acs_dp05_dp05_0065m,dp05_0065m
acs_dp05,acs_dp05_dp05_0065pe,dp05_0065pe
acs_dp05,acs_dp05_dp05_0065pm,dp05_0065pm
acs_dp05,acs_dp05_dp05_0066e,dp05_0066e
acs_dp05,acs_dp05_dp05_0066m,dp05_0066m
acs_dp05,acs_dp05_dp05_0066pe,dp05_0066pe
acs_dp05,acs_dp05_dp05_0066pm,dp05_0066pm
acs_dp05,acs_dp05_dp05_0067e,dp05_0067e
acs_dp05,acs_dp05_dp05_0067m,dp05_0067m
acs_dp05,acs_dp05_dp05_0067pe,dp05_0067pe
acs_dp05,acs_dp05_dp05_0067pm,dp05_0067pm
acs_dp05,acs_dp05_dp05_0068e,dp05_0068e
acs_dp05,acs_dp05_dp05_0068m,dp05_0068m
acs_dp05,acs_dp05_dp05_0068pe,dp05_0068pe
acs_dp05,acs_dp05_dp05_0068pm,dp05_0068pm
acs_dp05,acs_dp05_dp05_0069e,dp05_0069e
acs_dp05,acs_dp05_dp05_0069m,dp05_0069m
acs_dp05,acs_dp05_dp05_0069pe,dp05_0069pe
acs_dp05,acs_dp05_dp05_0069pm,dp05_0069pm
acs_dp05,acs_dp05_dp05_0070e,dp05_0070e
acs_dp05,acs_dp05_dp05_0070m,dp05_0070m
acs_dp05,acs_dp05_dp05_0070pe,dp05_0070pe
acs_dp05,acs_dp05_dp05_0070pm,dp05_0070pm
acs_dp05,acs_dp05_dp05_0071e,dp05_0071e
acs_dp05,acs_dp05_dp05_0071m,dp05_0071m
acs_dp05,acs_dp05_dp05_0071pe,dp05_0071pe
acs_dp05,acs_dp05_dp05_0071pm,dp05_0071pm
acs_dp05,acs_dp05_dp05_0072e,dp05_0072e
acs_dp05,acs_dp05_dp05_0072m,dp05_0072m
acs_dp05,acs_dp05_dp05_0072pe,dp05_0072pe
acs_dp05,acs_dp05_dp05_0072pm,dp05_0072pm
acs_dp05,acs_dp05_dp05_0073e,dp05_0073e
acs_dp05,acs_dp05_dp05_0073m,dp05_0073m
acs_dp05,acs_dp05_dp05_0073pe,dp05_0073pe
acs_dp05,acs_dp05_dp05_0073pm,dp05_0073pm
acs_dp05,acs_dp05_dp05_0074e,dp05_0074e
acs_dp05,acs_dp05_dp05_0074m,dp05_0074m
acs_dp05,acs_dp05_dp05_0074pe,dp05_0074pe
acs_dp05,acs_dp05_dp05_0074pm,dp05_0074pm
acs_dp05,acs_dp05_dp05_0075e,dp05_0075e
acs_dp05,acs_dp05_dp05_0075m,dp05_0075m
acs_dp05,acs_dp05_dp05_0075pe,dp05_0075pe
acs_dp05,acs_dp05_dp05_0075pm,dp05_0075pm
acs_dp05,acs_dp05_dp05_0076e,dp05_0076e
acs_dp05,acs_dp05_dp05_0076m,dp05_0076m
acs_dp05,acs_dp05_dp05_0076pe,dp05_0076pe
acs_dp05,acs_dp05_dp05_0076pm,dp05_0076pm
acs_dp05,acs_dp05_dp05_0077e,dp05_0077e
acs_dp05,acs_dp05_dp05_0077m,dp05_0077m
acs_dp05,acs_dp05_dp05_0077pe,dp05_0077pe
acs_dp05,acs_dp05_dp05_0077pm,dp05_0077pm
acs_dp05,acs_dp05_dp05_0078e,dp05_0078e
acs_dp05,acs_dp05_dp05_0078m,dp05_0078m
acs_dp05,acs_dp05_dp05_0078pe,dp05_0078pe
acs_dp05,acs_dp05_dp05_0078pm,dp05_0078pm
acs_dp05,acs_dp05_dp05_0079e,dp05_0079e
acs_dp05,acs_dp05_dp05_0079m,dp05_0079m
acs_dp05,acs_dp05_dp05_0079pe,dp05_0079pe
acs_dp05,acs_dp05_dp05_0079pm,dp05_0079pm
acs_dp05,acs_dp05_dp05_0080e,dp05_0080e
acs_dp05,acs_dp05_dp05_0080m,dp05_0080m
acs_dp05,acs_dp05_dp05_0080pe,dp05_0080pe
acs_dp05,acs_dp05_dp05_0080pm,dp05_0080pm
acs_dp05,acs_dp05_dp05_0081e,dp05_0081e
acs_dp05,acs_dp05_dp05_0081m,dp05_0081m
acs_dp05,acs_dp05_dp05_0081pe,dp05_0081pe
acs_dp05,acs_dp05_dp05_0081pm,dp05_0081pm
acs_dp05,acs_dp05_dp05_0082e,dp05_0082e
acs_dp05,acs_dp05_dp05_0082m,dp05_0082m
acs_dp05,acs_dp05_dp05_0082pe,dp05_0082pe
acs_dp05,acs_dp05_dp05_0082pm,dp05_0082pm
acs_dp05,acs_dp05_dp05_0083e,dp05_0083e
acs_dp05,acs_dp05_dp05_0083m,dp05_0083m
acs_dp05,acs_dp05_dp05_0083pe,dp05_0083pe
acs_dp05,acs_dp05_dp05_0083pm,dp05_0083pm
acs_dp05,acs_dp05_dp05_0084e,dp05_0084e
acs_dp05,acs_dp05_dp05_0084m,dp05_0084m
acs_dp05,acs_dp05_dp05_0084pe,dp05_0084pe
acs_dp05,acs_dp05_dp05_0084pm,dp05_0084pm
acs_dp05,acs_dp05_dp05_0085e,dp05_0085e
acs_dp05,acs_dp05_dp05_0085m,dp05_0085m
acs_dp05,acs_dp05_dp05_0085pe,dp05_0085pe
acs_dp05,acs_dp05_dp05_0085pm,dp05_0085pm
acs_dp05,acs_dp05_dp05_0086e,dp05_0086e
acs_dp05,acs_dp05_dp05_0086m,dp05_0086m
acs_dp05,acs_dp05_dp05_0086pe,dp05_0086pe
acs_dp05,acs_dp05_dp05_0086pm,dp05_0086pm
acs_dp05,acs_dp05_dp05_0087e,dp05_0087e
acs_dp05,acs_dp05_dp05_0087m,dp05_0087m
acs_dp05,acs_dp05_dp05_0087pe,dp05_0087pe
acs_dp05,acs_dp05_dp05_0087pm,dp05_0087pm
acs_dp05,acs_dp05_dp05_0088e,dp05_0088e
acs_dp05,acs_dp05_dp05_0088m,dp05_0088m
acs_dp05,acs_dp05_dp05_0088pe,dp05_0088pe
acs_dp05,acs_dp05_dp05_0088pm,dp05_0088pm
acs_dp05,acs_dp05_dp05_0089e,dp05_0089e
acs_dp05,acs_dp05_dp05_0089m,dp05_0089m
acs_dp05,acs_dp05_dp05_0089pe,dp05_0089pe
acs_dp05,acs_dp05_dp05_0089pm,dp05_0089pm
acs_dp05,acs_dp05_dp05_0090e,dp05_0090e
acs_dp05,acs_dp05_dp05_0090m,dp05_0090m
acs_dp05,acs_dp05_dp05_0090pe,dp05_0090pe
acs_dp05,acs_dp05_dp05_0090pm,dp05_0090pm
acs_dp05,acs_dp05_dp05_0091e,dp05_0091e
acs_dp05,acs_dp05_dp05_0091m,dp05_0091m
acs_dp05,acs_dp05_dp05_0091pe,dp05_0091pe
acs_dp05,acs_dp05_dp05_0091pm,dp05_0091pm
acs_dp05,acs_dp05_dp05_0092e,dp05_0092e
acs_dp05,acs_dp05_dp05_0092m,dp05_0092m
acs_dp05,acs_dp05_dp05_0092pe,dp05_0092pe
acs_dp05,acs_dp05_dp05_0092pm,dp05_0092pm
acs_dp05,acs_dp05_dp05_0093e,dp05_0093e
acs_dp05,acs_dp05_dp05_0093m,dp05_0093m
acs_dp05,acs_dp05_dp05_0093pe,dp05_0093pe
acs_dp05,acs_dp05_dp05_0093pm,dp05_0093pm
acs_dp05,acs_dp05_dp05_0094e,dp05_0094e
acs_dp05,acs_dp05_dp05_0094m,dp05_0094m
acs_dp05,acs_dp05_dp05_0094pe,dp05_0094pe
acs_dp05,acs_dp05_dp05_0094pm,dp05_0094pm
acs_dp05,acs_dp05_dp05_0095e,dp05_0095e
acs_dp05,acs_dp05_dp05_0095m,dp05_0095m
acs_dp05,acs_dp05_dp05_0095pe,dp05_0095pe
acs_dp05,acs_dp05_dp05_0095pm,dp05_0095pm
acs_dp05,acs_dp05_dp05_0096e,dp05_0096e
acs_dp05,acs_dp05_dp05_0096m,dp05_0096m
acs_dp05,acs_dp05_dp05_0096pe,dp05_0096pe
acs_dp05,acs_dp05_dp05_0096pm,dp05_0096pm
acs_dp05,acs_dp05_dp05_0097e,dp05_0097e
acs_dp05,acs_dp05_dp05_0097m,dp05_0097m
acs_dp05,acs_dp05_dp05_0097pe,dp05_0097pe
acs_dp05,acs_dp05_dp05_0097pm,dp05_0097pm
acs_dp05,acs_dp05_dp05_0098e,dp05_0098e
acs_dp05,acs_dp05_dp05_0098m,dp05_0098m
acs_dp05,acs_dp05_dp05_0098pe,dp05_0098pe
acs_dp05,acs_dp05_dp05_0098pm,dp05_0098pm
acs_dp05,acs_dp05_dp05_0099e,dp05_0099e
acs_dp05,acs_dp05_dp05_0099m,dp05_0099m
acs_dp05,acs_dp05_dp05_0099pe,dp05_0099pe
acs_dp05,acs_dp05_dp05_0099pm,dp05_0099pm
acs_dp05,acs_dp05_dp05_0100e,dp05_0100e
acs_dp05,acs_dp05_dp05_0100m,dp05_0100m
acs_dp05,acs_dp05_dp05_0100pe,dp05_0100pe
acs_dp05,acs_dp05_dp05_0100pm,dp05_0100pm
acs_dp05,acs_dp05_dp05_0101e,dp05_0101e
acs_dp05,acs_dp05_dp05_0101m,dp05_0101m
acs_dp05,acs_dp05_dp05_0101pe,dp05_0101pe
acs_dp05,acs_dp05_dp05_0101pm,dp05_0101pm
acs_dp05,acs_dp05_dp05_0102e,dp05_0102e
acs_dp05,acs_dp05_dp05_0102m,dp05_0102m
acs_dp05,acs_dp05_dp05_0102pe,dp05_0102pe
acs_dp05,acs_dp05_dp05_0102pm,dp05_0102pm
acs_dp05,acs_dp05_dp05_0103e,dp05_0103e
acs_dp05,acs_dp05_dp05_0103m,dp05_0103m
acs_dp05,acs_dp05_dp05_0103pe,dp05_0103pe
acs_dp05,acs_dp05_dp05_0103pm,dp05_0103pm
acs_dp05,acs_dp05_dp05_0104e,dp05_0104e
acs_dp05,acs_dp05_dp05_0104m,dp05_0104m
acs_dp05,acs_dp05_dp05_0104pe,dp05_0104pe
acs_dp05,acs_dp05_dp05_0104pm,dp05_0104pm
acs_dp05,acs_dp05_dp05_0105e,dp05_0105e
acs_dp05,acs_dp05_dp05_0105m,dp05_0105m
acs_dp05,acs_dp05_dp05_0105pe,dp05_0105pe
acs_dp05,acs_dp05_dp05_0105pm,dp05_0105pm
acs_dp05,acs_dp05_dp05_0106e,dp05_0106e
acs_dp05,acs_dp05_dp05_0106m,dp05_0106m
acs_dp05,acs_dp05_dp05_0106pe,dp05_0106pe
acs_dp05,acs_dp05_dp05_0106pm,dp05_0106pm
acs_dp05,acs_dp05_dp05_0107e,dp05_0107e
acs_dp05,acs_dp05_dp05_0107m,dp05_0107m
acs_dp05,acs_dp05_dp05_0107pe,dp05_0107pe
acs_dp05,acs_dp05_dp05_0107pm,dp05_0107pm
acs_dp05,acs_dp05_dp05_0108e,dp05_0108e
acs_dp05,acs_dp05_dp05_0108m,dp05_0108m
acs_dp05,acs_dp05_dp05_0108pe,dp05_0108pe
acs_dp05,acs_dp05_dp05_0108pm,dp05_0108pm
